Date,Min Temp [°C],Max Temp [°C],Mean Temp [°C],Precipitation [l/m2],Sunshine [h],Snow Depth [cm],Max Wind Gust [km/h]
2024-02-21,1.9,9.7,6.1,2.0,5.1,0.0,31.0
2024-02-22,6.4,8.8,7.7,12.4,0.0,0.0,62.0
2024-02-23,-2.5,6.8,2.6,0.0,0.1,0.0,50.0
2024-02-24,-3.4,8.2,2.0,0.0,6.5,0.0,40.0
2024-02-25,-2.7,9.8,3.4,0.0,8.8,0.0,26.0
2024-02-26,2.0,8.8,5.1,0.0,0.4,0.0,33.0
2024-02-27,3.4,9.0,5.7,0.0,0.8,0.0,30.0
2024-02-28,0.7,6.4,4.3,0.0,0.2,0.0,24.0
2024-02-29,-0.7,7.2,3.2,0.0,1.2,0.0,18.0
2024-03-01,-1.7,7.2,3.7,1.6,0.1,0.0,21.0
2024-03-02,2.9,11.6,6.0,0.0,5.8,0.0,32.0
2024-03-03,2.3,12.4,5.7,0.0,5.6,0.0,20.0
2024-03-04,2.3,7.8,5.8,0.0,0.0,0.0,26.0
2024-03-05,2.9,7.7,5.2,6.0,0.1,0.0,23.0
2024-03-06,2.6,5.5,4.2,8.3,0.0,0.0,30.0
2024-03-07,-0.1,4.7,2.3,0.0,0.0,0.0,31.0
2024-03-08,-1.2,7.7,1.8,0.0,4.4,0.0,33.0
2024-03-09,-1.9,11.7,4.8,0.0,8.6,0.0,24.0
2024-03-10,1.1,10.1,5.7,1.1,0.7,0.0,36.0
2024-03-11,1.2,12.7,5.8,0.0,8.2,0.0,31.0
2024-03-12,1.6,8.2,5.0,7.9,1.0,0.0,32.0
2024-03-13,2.3,10.1,6.3,2.2,0.0,0.0,22.0
2024-03-14,5.1,14.5,8.8,0.0,7.3,0.0,22.0
2024-03-15,5.6,15.7,10.7,0.3,6.6,0.0,43.0
2024-03-16,2.8,11.5,8.3,2.2,4.3,0.0,43.0
2024-03-17,2.2,12.4,7.8,0.1,2.0,0.0,24.0
2024-03-18,5.5,10.1,8.0,2.9,0.2,0.0,20.0
2024-03-19,2.8,13.7,7.9,0.0,3.0,0.0,15.0
2024-03-20,0.4,16.1,8.4,0.0,11.2,0.0,18.0
2024-03-21,2.7,15.2,8.8,2.1,4.1,0.0,37.0
2024-03-22,1.5,17.6,10.0,0.0,9.7,0.0,31.0
2024-03-23,1.9,10.4,6.3,3.1,4.8,0.0,66.0
2024-03-24,1.3,5.9,2.8,1.6,3.4,0.0,60.0
2024-03-25,0.3,9.8,4.4,0.0,10.7,0.0,28.0
2024-03-26,-1.7,13.5,5.7,0.0,8.6,0.0,24.0
2024-03-27,2.0,16.1,6.7,6.7,5.4,0.0,49.0
2024-03-28,-0.2,9.9,4.7,1.4,3.8,0.0,52.0
2024-03-29,-0.1,15.3,7.9,0.0,4.5,0.0,30.0
2024-03-30,6.8,19.4,13.8,0.0,3.3,0.0,42.0
2024-03-31,3.3,18.6,10.9,0.0,5.8,0.0,40.0
2024-04-01,4.4,10.2,8.4,4.0,0.8,0.0,55.0
2024-04-02,2.1,12.4,7.6,0.5,6.7,0.0,50.0
2024-04-03,1.1,13.0,7.0,2.1,0.7,0.0,51.0
2024-04-04,7.6,14.2,10.4,5.5,1.7,0.0,39.0
2024-04-05,8.0,20.9,14.8,0.0,6.3,0.0,44.0
2024-04-06,7.6,25.0,16.1,0.0,11.1,0.0,40.0
2024-04-07,9.1,23.0,17.0,0.0,6.6,0.0,26.0
2024-04-08,8.9,27.1,18.1,0.0,8.2,0.0,22.0
2024-04-09,5.1,18.2,10.6,0.5,1.1,0.0,50.0
2024-04-10,1.6,12.2,6.8,0.0,3.7,0.0,21.0
2024-04-11,-0.5,15.6,8.0,0.0,11.1,0.0,28.0
2024-04-12,1.3,20.6,11.3,0.0,12.7,0.0,20.0
2024-04-13,4.2,23.6,14.7,0.0,12.1,0.0,26.0
2024-04-14,8.3,24.9,16.2,0.4,10.9,0.0,40.0
2024-04-15,2.2,16.2,11.7,2.6,3.0,0.0,62.0
2024-04-16,2.3,9.9,5.6,4.2,5.7,0.0,72.0
2023-12-27,1.1,8.2,4.8,0.0,5.1,0.0,31.0
2023-12-28,1.1,6.7,4.7,1.1,0.3,0.0,33.0
2023-12-29,2.9,8.6,6.4,0.0,2.3,0.0,37.0
2023-12-30,0.0,10.3,6.1,0.0,5.8,0.0,38.0
2023-12-31,-2.2,9.0,2.2,0.0,0.9,0.0,47.0
2024-01-01,2.1,6.1,3.7,0.0,3.5,0.0,42.0
2024-01-02,3.2,7.9,5.8,3.2,0.0,0.0,62.0
2024-01-03,5.9,9.7,7.5,5.0,1.9,0.0,72.0
2024-01-04,0.3,7.7,5.6,0.0,2.8,0.0,58.0
2024-01-05,-0.1,5.6,3.4,0.9,0.0,0.0,22.0
2024-01-06,1.6,4.2,2.7,2.5,0.0,0.0,22.0
2024-01-07,-4.9,1.7,-0.5,1.0,0.0,0.0,36.0
2024-01-08,-6.2,-3.8,-4.8,0.0,0.0,1.0,38.0
2024-01-09,-9.5,-4.7,-7.0,0.0,5.7,1.0,41.0
2024-01-10,-9.3,-1.9,-6.0,0.0,3.2,1.0,13.0
2024-01-11,-9.6,-1.7,-6.5,0.0,6.0,1.0,19.0
2024-01-12,-10.7,-1.1,-6.8,0.0,7.4,1.0,13.0
2024-01-13,-8.3,-4.8,-6.4,0.0,0.0,1.0,23.0
2024-01-14,-9.7,-1.8,-5.6,0.0,6.1,1.0,43.0
2024-01-15,-3.4,0.5,-1.9,1.5,0.4,1.0,48.0
2024-01-16,-11.0,-0.8,-5.1,1.2,4.4,5.0,30.0
2024-01-17,-8.1,7.4,0.9,8.0,0.0,5.0,52.0
2024-01-18,-2.4,9.5,3.2,0.5,1.1,0.0,51.0
2024-01-19,-8.3,-0.3,-3.5,0.0,5.6,0.0,22.0
2024-01-20,-8.4,-0.9,-5.6,0.0,5.5,0.0,13.0
2024-01-21,-10.5,1.7,-3.7,0.0,5.2,0.0,32.0
2024-01-22,-1.6,8.0,3.1,6.4,0.1,0.0,47.0
2024-01-23,1.9,6.4,4.3,3.3,2.7,0.0,54.0
2024-01-24,5.2,12.2,8.5,2.1,0.1,0.0,58.0
2024-01-25,3.8,9.2,6.7,0.3,6.5,0.0,33.0
2024-01-26,0.6,9.1,6.5,2.7,0.1,0.0,45.0
2024-01-27,-3.5,5.5,0.8,0.0,8.1,0.0,18.0
2024-01-28,-5.0,2.7,-2.0,0.0,2.6,0.0,10.0
2024-01-29,-5.2,9.1,0.9,0.0,8.4,0.0,13.0
2024-01-30,-2.4,8.4,2.7,0.0,3.6,0.0,23.0
2024-01-31,0.1,9.5,4.4,0.0,0.2,0.0,24.0
2024-02-01,2.4,7.4,5.3,2.9,0.0,0.0,27.0
2024-02-02,2.4,8.4,4.9,0.0,3.0,0.0,34.0
2024-02-03,1.7,11.2,6.5,0.0,8.7,0.0,37.0
2024-02-04,3.3,10.1,6.5,0.0,2.4,0.0,36.0
2024-02-05,4.1,10.7,6.2,0.0,7.5,0.0,45.0
2024-02-06,0.2,8.1,4.4,0.0,4.6,0.0,42.0
2024-02-07,2.5,7.8,5.3,3.0,0.2,0.0,51.0
2024-02-08,5.7,10.5,7.8,7.3,0.4,0.0,46.0
2024-02-09,6.4,10.7,8.5,1.5,0.0,0.0,51.0
2024-02-10,3.9,9.6,6.4,4.5,1.6,0.0,22.0
2024-02-11,3.3,7.6,5.5,1.0,0.1,0.0,41.0
2024-02-12,2.9,7.8,5.3,0.1,1.0,0.0,32.0
2024-02-13,-1.7,9.1,4.0,0.3,5.3,0.0,27.0
2024-02-14,-2.6,11.3,6.3,0.0,2.4,0.0,30.0
2024-02-15,2.9,13.5,7.8,0.0,6.4,0.0,17.0
2024-02-16,3.1,16.1,9.7,0.2,3.2,0.0,25.0
2024-02-17,1.2,11.5,8.2,0.0,3.8,0.0,29.0
2024-02-18,-1.8,11.1,5.4,5.5,5.8,0.0,27.0
2024-02-19,5.4,8.1,6.9,2.2,0.0,0.0,40.0
2024-02-20,1.0,8.4,5.1,0.0,2.3,0.0,32.0
2023-11-01,4.4,12.7,8.7,0.0,5.6,0.0,24.0
2023-11-02,2.0,8.0,5.9,5.0,0.0,0.0,35.0
2023-11-03,1.0,7.0,4.5,0.0,0.0,0.0,28.0
2023-11-04,1.5,8.4,5.5,1.7,3.8,0.0,53.0
2023-11-05,3.9,10.0,7.5,5.8,2.0,0.0,63.0
2023-11-06,4.5,11.9,7.7,2.3,3.2,0.0,47.0
2023-11-07,3.1,10.2,5.5,1.1,4.8,0.0,40.0
2023-11-08,-1.2,9.4,4.6,0.0,4.6,0.0,28.0
2023-11-09,-1.4,10.1,4.7,0.8,0.3,0.0,49.0
2023-11-10,3.7,8.4,5.5,2.5,2.5,0.0,39.0
2023-11-11,1.4,7.0,4.1,0.3,3.9,0.0,45.0
2023-11-12,-1.9,4.6,1.1,16.9,0.0,0.0,24.0
2023-11-13,2.5,12.6,9.5,16.0,0.0,0.0,53.0
2023-11-14,6.9,11.1,8.6,5.7,0.0,0.0,57.0
2023-11-15,3.6,10.3,7.8,0.9,3.1,0.0,50.0
2023-11-16,3.4,6.4,4.8,28.0,0.0,0.0,28.0
2023-11-17,1.2,4.8,3.3,0.0,0.0,0.0,37.0
2023-11-18,-0.6,5.0,3.1,9.8,0.9,0.0,31.0
2023-11-19,4.9,12.6,8.7,0.4,2.6,0.0,32.0
2023-11-20,4.7,11.0,7.8,0.6,4.3,0.0,42.0
2023-11-21,4.9,9.2,6.1,1.5,2.1,0.0,24.0
2023-11-22,-0.5,5.2,1.1,0.0,0.0,0.0,32.0
2023-11-23,-1.8,6.3,2.4,0.9,5.1,0.0,37.0
2023-11-24,0.0,5.7,3.2,7.4,0.5,0.0,64.0
2023-11-25,-1.4,1.5,0.3,3.0,1.5,2.0,52.0
2023-11-26,-1.9,2.4,0.5,1.4,2.8,4.0,36.0
2023-11-27,-1.2,1.5,0.2,6.2,0.8,5.0,35.0
2023-11-28,-4.8,2.3,-0.2,1.2,0.0,4.0,45.0
2023-11-29,-5.8,1.5,-1.8,0.0,2.0,4.0,33.0
2023-11-30,-4.3,0.1,-1.7,10.5,0.0,4.0,13.0
2023-12-01,-1.4,0.3,-0.3,16.0,0.0,15.0,18.0
2023-12-02,-7.8,-1.4,-3.7,0.4,0.0,31.0,39.0
2023-12-03,-9.7,-3.9,-6.4,0.0,7.6,27.0,19.0
2023-12-04,-11.0,-4.3,-8.0,1.1,0.1,24.0,22.0
2023-12-05,-4.3,2.8,0.8,1.0,2.8,20.0,46.0
2023-12-06,-0.8,2.6,1.2,0.1,0.0,15.0,33.0
2023-12-07,-7.1,3.4,-2.1,0.0,7.1,13.0,14.0
2023-12-08,-5.4,2.8,-0.3,3.5,0.0,13.0,23.0
2023-12-09,1.5,4.8,2.7,5.4,0.0,9.0,35.0
2023-12-10,3.5,7.0,5.6,3.7,1.2,1.0,46.0
2023-12-11,5.3,9.3,7.1,0.0,0.2,0.0,41.0
2023-12-12,3.9,8.9,6.9,11.0,0.0,0.0,40.0
2023-12-13,2.6,7.4,5.6,5.6,0.1,0.0,24.0
2023-12-14,2.4,6.5,3.9,2.6,1.1,0.0,22.0
2023-12-15,1.3,4.8,2.8,0.0,0.2,0.0,19.0
2023-12-16,-2.1,6.4,2.2,0.0,4.5,0.0,14.0
2023-12-17,-3.6,6.1,0.4,0.0,7.4,0.0,18.0
2023-12-18,-2.8,5.3,0.2,0.0,7.5,0.0,21.0
2023-12-19,-2.0,6.1,1.8,2.2,6.0,0.0,28.0
2023-12-20,2.0,5.5,3.1,0.1,1.0,0.0,45.0
2023-12-21,2.2,8.0,5.0,10.7,0.0,0.0,86.0
2023-12-22,3.8,7.7,5.8,8.0,0.0,0.0,66.0
2023-12-23,4.9,6.9,5.8,2.6,0.0,0.0,72.0
2023-12-24,5.5,8.3,6.8,0.8,0.0,0.0,52.0
2023-12-25,4.2,10.3,7.6,0.0,3.4,0.0,38.0
2023-12-26,1.6,8.0,5.4,0.0,0.9,0.0,33.0
2023-09-06,8.1,24.7,16.4,0.0,12.3,0.0,28.0
2023-09-07,10.8,25.4,17.7,0.0,12.2,0.0,28.0
2023-09-08,9.6,26.7,18.0,0.0,12.1,0.0,20.0
2023-09-09,11.5,27.9,19.8,0.0,9.6,0.0,20.0
2023-09-10,12.8,28.9,20.6,0.0,10.6,0.0,24.0
2023-09-11,13.0,29.4,20.4,0.0,11.3,0.0,22.0
2023-09-12,11.6,29.0,20.0,0.1,8.9,0.0,36.0
2023-09-13,14.9,20.2,17.8,0.1,0.3,0.0,20.0
2023-09-14,12.0,21.0,16.6,0.0,3.9,0.0,21.0
2023-09-15,11.1,20.7,14.9,0.0,8.0,0.0,22.0
2023-09-16,10.2,25.8,17.5,0.0,11.3,0.0,19.0
2023-09-17,12.4,26.8,19.1,0.0,8.0,0.0,22.0
2023-09-18,12.8,20.2,15.8,5.3,0.7,0.0,35.0
2023-09-19,8.8,21.1,15.6,0.0,8.5,0.0,42.0
2023-09-20,7.0,23.0,15.0,0.0,11.7,0.0,23.0
2023-09-21,9.7,24.6,17.2,4.0,6.9,0.0,43.0
2023-09-22,9.7,13.8,12.0,2.2,1.9,0.0,30.0
2023-09-23,8.0,16.3,11.3,0.2,5.0,0.0,24.0
2023-09-24,4.4,16.4,10.6,0.0,10.7,0.0,26.0
2023-09-25,3.4,18.8,10.9,0.0,11.1,0.0,22.0
2023-09-26,4.6,21.4,12.2,0.0,11.2,0.0,17.0
2023-09-27,6.1,22.4,13.8,0.0,10.9,0.0,21.0
2023-09-28,7.1,24.2,15.3,0.0,9.2,0.0,18.0
2023-09-29,6.9,25.0,16.2,0.0,8.6,0.0,40.0
2023-09-30,6.7,18.6,13.2,0.0,3.2,0.0,18.0
2023-10-01,5.0,22.4,13.2,0.0,10.7,0.0,19.0
2023-10-02,7.1,23.9,14.7,0.0,10.6,0.0,22.0
2023-10-03,9.5,24.7,16.8,0.3,7.5,0.0,60.0
2023-10-04,4.1,17.0,10.5,0.0,9.1,0.0,27.0
2023-10-05,3.4,16.4,9.1,0.0,3.4,0.0,24.0
2023-10-06,2.1,18.8,10.2,0.0,9.3,0.0,18.0
2023-10-07,2.1,19.9,12.6,0.0,2.9,0.0,27.0
2023-10-08,9.7,22.4,15.4,0.0,2.0,0.0,23.0
2023-10-09,9.2,22.5,15.4,0.0,0.5,0.0,31.0
2023-10-10,7.4,22.4,14.6,0.0,8.7,0.0,21.0
2023-10-11,6.4,24.8,15.3,0.0,10.2,0.0,31.0
2023-10-12,10.0,23.0,16.8,0.0,4.3,0.0,32.0
2023-10-13,11.6,24.9,18.4,0.0,10.1,0.0,44.0
2023-10-14,5.3,18.8,13.3,4.2,2.5,0.0,46.0
2023-10-15,-1.7,10.7,5.4,0.3,3.7,0.0,43.0
2023-10-16,-3.0,9.5,3.0,0.0,9.7,0.0,30.0
2023-10-17,-1.7,6.9,2.5,0.0,0.2,0.0,17.0
2023-10-18,0.5,7.0,4.1,2.2,0.0,0.0,18.0
2023-10-19,6.7,14.1,10.1,1.6,0.1,0.0,19.0
2023-10-20,8.9,15.4,11.2,4.2,0.6,0.0,38.0
2023-10-21,8.8,13.4,10.6,8.6,0.4,0.0,26.0
2023-10-22,4.0,15.0,9.5,0.0,6.2,0.0,30.0
2023-10-23,1.6,12.0,7.6,0.1,1.7,0.0,27.0
2023-10-24,7.4,11.8,9.5,10.2,0.0,0.0,18.0
2023-10-25,5.3,13.5,9.4,3.6,0.6,0.0,39.0
2023-10-26,7.1,15.8,10.1,14.0,1.6,0.0,37.0
2023-10-27,7.4,12.1,9.2,0.6,2.2,0.0,49.0
2023-10-28,5.8,13.7,9.7,0.0,4.5,0.0,46.0
2023-10-29,2.7,15.8,9.5,0.0,2.5,0.0,26.0
2023-10-30,6.0,12.6,10.1,3.0,3.2,0.0,42.0
2023-10-31,7.0,10.5,8.8,2.9,0.7,0.0,30.0
2023-07-12,15.6,27.1,19.4,5.3,4.0,0.0,34.0
2023-07-13,12.1,23.9,18.0,0.0,6.3,0.0,24.0
2023-07-14,10.1,26.4,18.9,0.0,12.8,0.0,25.0
2023-07-15,13.3,33.7,23.7,9.8,12.7,0.0,37.0
2023-07-16,14.9,24.1,19.1,2.0,6.1,0.0,21.0
2023-07-17,14.0,26.0,19.7,0.0,7.9,0.0,28.0
2023-07-18,11.1,24.9,19.0,0.2,8.7,0.0,28.0
2023-07-19,14.9,27.9,21.7,0.0,12.7,0.0,39.0
2023-07-20,12.2,24.4,18.3,0.0,10.7,0.0,33.0
2023-07-21,9.4,23.6,16.1,0.7,6.3,0.0,44.0
2023-07-22,7.6,24.7,16.5,0.0,10.7,0.0,37.0
2023-07-23,9.1,26.7,18.9,0.3,6.8,0.0,41.0
2023-07-24,12.7,22.5,16.6,5.7,1.1,0.0,44.0
2023-07-25,11.0,21.3,14.7,9.6,4.5,0.0,64.0
2023-07-26,8.7,17.2,12.6,1.7,4.3,0.0,39.0
2023-07-27,7.9,20.7,14.6,0.4,0.9,0.0,34.0
2023-07-28,11.3,23.7,17.2,1.0,2.4,0.0,32.0
2023-07-29,12.8,25.0,18.2,2.7,4.6,0.0,53.0
2023-07-30,10.6,22.8,17.3,0.7,8.3,0.0,52.0
2023-07-31,9.0,23.8,16.9,1.5,5.8,0.0,34.0
2023-08-01,11.6,21.6,16.4,6.2,4.6,0.0,46.0
2023-08-02,10.8,26.0,16.9,9.3,2.2,0.0,73.0
2023-08-03,10.6,22.8,17.7,0.0,12.0,0.0,69.0
2023-08-04,9.1,21.4,15.2,11.5,3.6,0.0,30.0
2023-08-05,13.0,18.4,15.2,4.2,1.8,0.0,35.0
2023-08-06,9.5,14.6,12.4,5.2,3.2,0.0,57.0
2023-08-07,9.0,16.9,12.3,0.2,4.0,0.0,51.0
2023-08-08,8.6,21.0,14.9,1.4,7.9,0.0,41.0
2023-08-09,11.9,19.7,15.3,1.7,0.0,0.0,41.0
2023-08-10,9.9,23.8,16.6,0.0,11.4,0.0,24.0
2023-08-11,9.0,29.1,19.8,0.0,13.8,0.0,24.0
2023-08-12,12.9,29.1,20.8,0.1,6.3,0.0,43.0
2023-08-13,15.2,27.4,20.1,4.2,4.2,0.0,32.0
2023-08-14,16.2,29.3,22.2,0.0,9.6,0.0,23.0
2023-08-15,16.1,28.8,21.9,6.1,4.9,0.0,26.0
2023-08-16,14.1,29.6,21.7,0.1,11.9,0.0,26.0
2023-08-17,13.9,29.8,19.6,0.6,8.2,0.0,55.0
2023-08-18,11.8,29.2,20.6,0.0,12.9,0.0,19.0
2023-08-19,13.5,32.6,23.1,0.0,11.4,0.0,35.0
2023-08-20,17.2,33.1,25.3,0.0,11.1,0.0,21.0
2023-08-21,18.0,31.5,24.9,0.0,8.8,0.0,23.0
2023-08-22,17.4,31.5,24.7,0.0,12.5,0.0,34.0
2023-08-23,15.8,29.8,23.2,0.0,9.0,0.0,30.0
2023-08-24,14.2,32.1,22.1,15.9,7.9,0.0,60.0
2023-08-25,18.2,23.8,20.8,4.1,3.1,0.0,53.0
2023-08-26,15.0,22.0,17.8,18.9,1.4,0.0,21.0
2023-08-27,12.6,16.8,15.0,6.0,0.0,0.0,32.0
2023-08-28,11.0,14.4,12.5,14.2,0.0,0.0,38.0
2023-08-29,10.5,13.9,11.9,6.8,0.0,0.0,27.0
2023-08-30,10.6,18.1,13.4,0.7,2.5,0.0,25.0
2023-08-31,9.6,19.0,13.8,0.7,5.4,0.0,37.0
2023-09-01,12.5,22.8,16.5,1.3,5.1,0.0,29.0
2023-09-02,9.7,25.6,17.5,0.0,11.3,0.0,20.0
2023-09-03,11.3,23.9,17.2,0.0,8.4,0.0,18.0
2023-09-04,11.8,24.3,17.6,0.0,12.5,0.0,34.0
2023-09-05,10.7,24.3,17.1,0.0,12.3,0.0,30.0
2023-05-17,3.0,12.4,7.9,0.0,8.2,0.0,44.0
2023-05-18,2.4,13.9,9.1,0.0,8.3,0.0,42.0
2023-05-19,7.8,13.1,10.8,0.0,1.1,0.0,37.0
2023-05-20,11.0,20.5,14.7,0.0,5.3,0.0,37.0
2023-05-21,10.5,23.8,16.5,0.0,9.3,0.0,24.0
2023-05-22,9.6,25.1,17.5,0.1,9.0,0.0,33.0
2023-05-23,11.2,18.8,15.4,0.0,5.7,0.0,42.0
2023-05-24,7.5,12.5,10.1,0.0,1.0,0.0,27.0
2023-05-25,6.9,19.7,13.0,0.0,6.6,0.0,36.0
2023-05-26,7.9,21.5,15.3,0.0,11.2,0.0,30.0
2023-05-27,9.1,20.1,14.8,0.0,14.5,0.0,38.0
2023-05-28,7.4,21.0,14.9,0.0,14.8,0.0,32.0
2023-05-29,7.8,22.4,15.9,0.0,14.9,0.0,35.0
2023-05-30,9.3,21.9,15.8,0.0,11.6,0.0,35.0
2023-05-31,9.4,21.5,15.8,0.0,15.0,0.0,48.0
2023-06-01,9.8,24.7,17.4,0.0,12.8,0.0,28.0
2023-06-02,8.6,22.8,16.3,0.0,14.8,0.0,30.0
2023-06-03,9.2,22.1,15.4,0.0,14.4,0.0,32.0
2023-06-04,8.0,22.3,15.8,0.0,13.8,0.0,29.0
2023-06-05,9.6,23.7,16.8,0.0,12.9,0.0,45.0
2023-06-06,7.9,22.1,15.4,0.0,14.4,0.0,33.0
2023-06-07,6.1,23.3,15.7,0.0,12.6,0.0,22.0
2023-06-08,7.7,25.0,17.1,0.0,14.3,0.0,39.0
2023-06-09,8.6,24.2,17.6,0.0,14.2,0.0,33.0
2023-06-10,12.1,24.4,18.8,0.0,14.4,0.0,36.0
2023-06-11,13.0,24.3,18.5,0.0,14.9,0.0,41.0
2023-06-12,11.5,24.0,17.9,0.0,15.2,0.0,41.0
2023-06-13,9.0,22.3,15.6,0.0,15.2,0.0,43.0
2023-06-14,7.0,23.1,15.7,0.0,12.1,0.0,30.0
2023-06-15,8.3,22.8,16.3,0.0,11.6,0.0,32.0
2023-06-16,7.8,24.1,16.7,0.0,12.3,0.0,40.0
2023-06-17,7.7,26.2,17.5,0.0,10.5,0.0,34.0
2023-06-18,8.1,27.9,19.7,0.0,11.9,0.0,24.0
2023-06-19,15.7,28.9,21.6,0.9,7.3,0.0,30.0
2023-06-20,15.4,31.0,21.9,15.0,11.3,0.0,76.0
2023-06-21,14.5,25.2,19.5,9.0,7.3,0.0,67.0
2023-06-22,15.9,29.0,22.2,4.1,7.9,0.0,50.0
2023-06-23,12.6,22.2,17.1,0.0,5.0,0.0,48.0
2023-06-24,10.6,23.7,17.8,0.0,13.9,0.0,33.0
2023-06-25,10.2,26.1,19.0,0.0,15.3,0.0,28.0
2023-06-26,10.8,29.4,20.7,0.0,13.7,0.0,44.0
2023-06-27,11.7,21.5,16.9,0.0,5.8,0.0,30.0
2023-06-28,10.4,22.7,16.9,0.0,6.5,0.0,29.0
2023-06-29,8.2,26.5,18.4,0.2,9.2,0.0,23.0
2023-06-30,14.1,20.6,17.2,6.8,0.7,0.0,31.0
2023-07-01,13.8,22.2,17.4,1.6,5.2,0.0,34.0
2023-07-02,10.8,23.0,17.5,0.0,10.6,0.0,41.0
2023-07-03,10.9,22.3,17.3,0.8,4.9,0.0,42.0
2023-07-04,13.0,25.0,18.4,13.3,7.5,0.0,34.0
2023-07-05,9.5,22.0,16.4,0.0,10.7,0.0,45.0
2023-07-06,6.6,24.0,16.2,0.0,13.3,0.0,23.0
2023-07-07,7.9,28.2,19.1,0.0,15.1,0.0,28.0
2023-07-08,13.2,28.5,20.7,0.0,8.7,0.0,28.0
2023-07-09,12.5,32.4,23.5,0.1,13.5,0.0,20.0
2023-07-10,14.4,30.4,22.6,0.2,8.6,0.0,36.0
2023-07-11,14.1,32.4,23.3,35.7,12.0,0.0,83.0
2023-03-22,2.4,17.4,10.5,0.0,10.9,0.0,35.0
2023-03-23,7.7,16.2,12.3,0.2,0.2,0.0,47.0
2023-03-24,6.1,13.1,10.6,4.9,0.0,0.0,41.0
2023-03-25,4.4,11.2,6.7,1.0,4.4,0.0,72.0
2023-03-26,3.5,11.3,5.9,7.8,3.6,0.0,59.0
2023-03-27,-0.9,4.5,1.6,0.4,4.2,0.0,50.0
2023-03-28,-1.3,7.3,2.5,0.8,9.4,0.0,40.0
2023-03-29,2.1,12.3,8.1,2.1,0.3,0.0,30.0
2023-03-30,7.2,13.6,10.9,2.8,1.9,0.0,65.0
2023-03-31,6.3,14.9,8.7,5.3,4.8,0.0,86.0
2023-04-01,4.4,8.8,6.6,2.2,0.3,0.0,48.0
2023-04-02,1.6,10.3,5.6,0.3,0.2,0.0,32.0
2023-04-03,-2.0,4.6,1.9,0.0,0.6,0.0,47.0
2023-04-04,-3.8,4.6,-0.3,0.0,11.3,0.0,37.0
2023-04-05,-6.1,6.6,0.5,0.0,11.8,0.0,29.0
2023-04-06,-5.5,10.4,4.0,0.6,9.9,0.0,33.0
2023-04-07,2.9,9.7,5.6,5.6,1.0,0.0,32.0
2023-04-08,3.4,7.5,5.4,0.0,0.0,0.0,29.0
2023-04-09,2.3,11.0,5.8,0.0,4.5,0.0,30.0
2023-04-10,-1.5,14.3,8.0,1.7,9.6,0.0,32.0
2023-04-11,3.4,11.0,8.2,5.3,4.0,0.0,48.0
2023-04-12,5.1,12.7,7.6,4.7,0.7,0.0,44.0
2023-04-13,2.3,8.8,4.9,1.3,1.5,0.0,34.0
2023-04-14,0.3,12.2,6.0,0.0,8.8,0.0,32.0
2023-04-15,-1.0,11.1,5.0,7.8,3.3,0.0,41.0
2023-04-16,4.5,7.4,6.3,6.2,0.0,0.0,37.0
2023-04-17,5.7,12.0,7.5,2.5,2.7,0.0,37.0
2023-04-18,5.1,10.3,7.5,0.0,0.0,0.0,40.0
2023-04-19,2.4,9.5,6.4,3.0,0.0,0.0,32.0
2023-04-20,0.6,4.6,3.1,9.1,0.0,0.0,34.0
2023-04-21,3.1,15.3,8.6,0.0,6.4,0.0,29.0
2023-04-22,5.5,19.4,13.0,2.0,5.3,0.0,31.0
2023-04-23,8.8,17.7,12.3,1.8,5.2,0.0,41.0
2023-04-24,4.4,11.4,8.4,3.3,3.5,0.0,58.0
2023-04-25,4.1,8.5,5.9,4.5,3.2,0.0,32.0
2023-04-26,2.6,11.6,6.5,0.0,5.0,0.0,18.0
2023-04-27,0.0,14.9,8.4,1.0,4.9,0.0,19.0
2023-04-28,5.7,15.3,10.2,14.0,0.3,0.0,32.0
2023-04-29,7.8,15.8,11.4,0.0,9.2,0.0,38.0
2023-04-30,5.1,14.8,10.1,0.1,5.9,0.0,42.0
2023-05-01,6.4,14.4,9.4,6.6,0.6,0.0,37.0
2023-05-02,3.8,16.1,9.5,1.3,8.0,0.0,45.0
2023-05-03,4.0,15.9,9.5,0.0,8.8,0.0,30.0
2023-05-04,3.1,19.5,11.9,0.0,13.2,0.0,31.0
2023-05-05,6.2,20.5,13.6,11.7,5.6,0.0,44.0
2023-05-06,8.7,19.5,13.6,0.0,5.5,0.0,17.0
2023-05-07,7.8,19.8,13.8,14.5,7.5,0.0,49.0
2023-05-08,8.6,14.1,12.0,0.0,0.0,0.0,22.0
2023-05-09,7.5,18.6,13.3,11.5,7.6,0.0,28.0
2023-05-10,9.2,13.8,11.4,2.0,0.0,0.0,28.0
2023-05-11,8.2,11.2,9.4,3.2,0.0,0.0,26.0
2023-05-12,8.1,13.1,10.0,0.3,0.4,0.0,37.0
2023-05-13,8.2,11.4,9.5,0.0,0.0,0.0,28.0
2023-05-14,8.6,15.0,10.4,11.9,1.8,0.0,38.0
2023-05-15,6.5,16.5,10.6,0.7,5.8,0.0,29.0
2023-05-16,5.0,12.1,9.3,0.1,2.2,0.0,51.0
2023-01-25,-2.0,0.0,-1.1,0.0,0.0,1.0,28.0
2023-01-26,-3.2,-1.9,-2.3,0.0,0.0,1.0,20.0
2023-01-27,-3.4,-2.0,-2.7,0.0,0.0,1.0,22.0
2023-01-28,-2.6,-0.6,-1.7,0.0,0.1,1.0,24.0
2023-01-29,-4.0,-1.4,-2.2,0.0,0.0,1.0,28.0
2023-01-30,-4.6,1.8,-1.1,0.2,0.7,1.0,36.0
2023-01-31,-1.9,3.2,1.0,0.1,2.2,1.0,45.0
2023-02-01,1.4,3.8,2.8,0.0,0.0,0.0,50.0
2023-02-02,2.6,4.1,3.5,1.4,0.0,0.0,51.0
2023-02-03,2.5,5.8,4.2,0.9,0.0,0.0,54.0
2023-02-04,-2.0,5.9,3.2,0.0,1.5,0.0,53.0
2023-02-05,-4.6,0.5,-1.1,2.7,0.4,0.0,22.0
2023-02-06,-4.0,0.0,-1.8,1.0,0.1,0.0,27.0
2023-02-07,-8.6,-2.2,-5.4,0.0,8.7,1.0,37.0
2023-02-08,-9.5,-2.1,-5.9,0.0,8.8,1.0,37.0
2023-02-09,-12.9,1.1,-5.9,0.0,6.7,1.0,22.0
2023-02-10,-9.8,3.6,-3.7,0.0,9.0,0.0,12.0
2023-02-11,-7.0,7.8,0.2,0.0,4.0,0.0,18.0
2023-02-12,0.5,4.1,2.2,0.0,0.0,0.0,30.0
2023-02-13,-0.9,0.8,-0.2,0.0,0.0,0.0,17.0
2023-02-14,-1.8,1.8,-0.6,0.0,0.0,0.0,14.0
2023-02-15,-3.1,7.7,0.0,0.0,3.7,0.0,12.0
2023-02-16,-2.9,11.4,4.5,0.0,6.9,0.0,29.0
2023-02-17,5.9,12.0,9.1,0.1,1.0,0.0,42.0
2023-02-18,7.3,12.8,9.9,0.0,1.0,0.0,62.0
2023-02-19,5.5,9.0,7.3,0.9,0.2,0.0,49.0
2023-02-20,3.6,14.4,8.4,0.0,8.9,0.0,31.0
2023-02-21,-1.3,14.7,6.7,0.0,9.3,0.0,21.0
2023-02-22,-1.6,11.3,5.3,0.9,4.9,0.0,19.0
2023-02-23,3.8,11.2,6.5,4.8,0.0,0.0,19.0
2023-02-24,1.2,9.6,5.7,2.0,1.0,0.0,42.0
2023-02-25,-2.7,3.5,1.0,0.6,4.2,0.0,41.0
2023-02-26,-7.3,-0.9,-3.2,0.6,2.6,0.0,46.0
2023-02-27,-5.2,-0.4,-3.0,0.0,4.8,0.0,55.0
2023-02-28,-3.8,2.1,-1.8,0.0,4.4,0.0,43.0
2023-03-01,-2.6,4.3,0.5,0.0,7.3,0.0,42.0
2023-03-02,-0.8,6.9,1.6,0.0,5.5,0.0,30.0
2023-03-03,-1.9,7.6,2.2,0.0,2.9,0.0,17.0
2023-03-04,-3.4,2.1,-0.6,0.0,7.0,0.0,34.0
2023-03-05,-0.7,2.5,0.7,0.0,0.0,0.0,20.0
2023-03-06,-0.8,3.8,1.0,0.0,0.3,0.0,32.0
2023-03-07,-0.5,5.8,2.1,0.0,5.7,0.0,42.0
2023-03-08,0.3,10.4,5.3,7.4,0.6,0.0,50.0
2023-03-09,4.1,12.3,8.7,0.8,3.8,0.0,62.0
2023-03-10,0.9,9.2,6.3,2.3,1.7,0.0,78.0
2023-03-11,-4.0,4.4,0.2,0.0,5.6,0.0,47.0
2023-03-12,-5.1,10.0,3.5,0.4,0.4,0.0,40.0
2023-03-13,5.4,17.3,11.2,22.9,6.4,0.0,57.0
2023-03-14,0.4,11.1,6.4,4.7,2.7,0.0,65.0
2023-03-15,-2.1,6.1,1.2,0.4,6.9,0.0,41.0
2023-03-16,-3.2,9.3,1.9,0.0,5.7,0.0,27.0
2023-03-17,-1.2,15.5,6.5,0.0,8.7,0.0,15.0
2023-03-18,3.6,16.8,9.9,1.1,6.9,0.0,25.0
2023-03-19,6.4,14.5,9.2,4.5,3.7,0.0,30.0
2023-03-20,4.3,11.0,7.6,0.0,0.9,0.0,25.0
2023-03-21,4.8,13.8,9.4,0.0,3.4,0.0,24.0
2022-11-30,0.8,3.5,2.4,0.0,0.0,0.0,26.0
2022-12-01,0.4,2.1,1.3,0.3,0.0,0.0,20.0
2022-12-02,-0.1,2.6,1.3,0.8,0.0,0.0,19.0
2022-12-03,-1.5,0.8,-0.6,0.0,0.0,0.0,29.0
2022-12-04,-1.5,0.4,-0.4,0.0,0.0,0.0,23.0
2022-12-05,-1.5,3.8,1.2,0.0,0.0,0.0,22.0
2022-12-06,-2.2,2.1,0.2,0.0,0.0,0.0,19.0
2022-12-07,-0.3,3.1,1.1,0.0,0.5,0.0,23.0
2022-12-08,-4.9,0.3,-1.8,0.0,0.4,0.0,15.0
2022-12-09,-5.3,-0.6,-2.0,2.9,0.0,0.0,18.0
2022-12-10,-4.1,-0.8,-1.7,0.3,0.0,2.0,22.0
2022-12-11,-9.8,-1.9,-5.3,0.0,2.5,4.0,18.0
2022-12-12,-11.8,-1.9,-7.8,0.0,5.6,3.0,13.0
2022-12-13,-12.1,-6.2,-8.3,0.5,4.8,3.0,26.0
2022-12-14,-6.7,-0.7,-3.9,6.3,0.0,4.0,16.0
2022-12-15,-4.3,-2.2,-3.3,4.9,0.0,7.0,30.0
2022-12-16,-8.2,-2.1,-3.7,0.3,0.0,11.0,23.0
2022-12-17,-13.2,-4.2,-8.8,0.0,7.2,11.0,14.0
2022-12-18,-8.1,-5.8,-6.9,0.1,0.0,11.0,18.0
2022-12-19,-6.6,2.2,-1.3,0.1,1.0,11.0,21.0
2022-12-20,-0.4,6.3,3.9,1.2,0.4,8.0,31.0
2022-12-21,4.3,6.9,5.6,2.6,0.1,3.0,34.0
2022-12-22,6.3,9.8,7.8,6.5,1.4,0.0,45.0
2022-12-23,7.2,11.2,9.4,6.8,0.0,0.0,50.0
2022-12-24,5.6,9.8,8.0,1.4,1.6,0.0,33.0
2022-12-25,5.4,11.6,7.6,0.0,6.2,0.0,33.0
2022-12-26,4.7,9.1,7.3,4.6,0.0,0.0,48.0
2022-12-27,-2.5,5.9,2.1,0.0,6.7,0.0,34.0
2022-12-28,-2.5,6.2,3.3,0.0,3.8,0.0,41.0
2022-12-29,5.0,9.9,7.3,2.7,0.6,0.0,37.0
2022-12-30,3.9,9.5,5.8,3.9,2.9,0.0,46.0
2022-12-31,9.3,14.6,11.5,0.0,4.4,0.0,41.0
2023-01-01,5.4,14.7,10.6,0.0,7.5,0.0,34.0
2023-01-02,6.9,15.4,10.7,0.3,2.9,0.0,52.0
2023-01-03,-0.2,7.7,5.1,0.0,2.3,0.0,21.0
2023-01-04,3.0,8.5,5.8,1.2,0.5,0.0,47.0
2023-01-05,7.0,9.4,8.5,2.4,0.1,0.0,43.0
2023-01-06,4.7,8.6,6.7,0.0,1.3,0.0,25.0
2023-01-07,0.3,8.1,5.0,0.0,6.4,0.0,25.0
2023-01-08,-1.5,7.2,3.3,8.1,0.0,0.0,39.0
2023-01-09,2.2,5.8,3.9,1.9,0.5,0.0,44.0
2023-01-10,1.2,4.4,2.2,0.5,0.4,0.0,33.0
2023-01-11,2.0,7.0,5.1,1.7,0.3,0.0,39.0
2023-01-12,2.6,7.3,5.3,0.0,0.2,0.0,44.0
2023-01-13,1.7,8.5,5.5,2.7,1.7,0.0,50.0
2023-01-14,1.5,8.5,4.5,0.0,0.5,0.0,49.0
2023-01-15,0.4,9.3,4.5,5.7,0.0,0.0,54.0
2023-01-16,-2.7,2.7,0.7,0.0,1.6,0.0,57.0
2023-01-17,-3.0,1.0,-0.4,0.9,1.9,0.0,40.0
2023-01-18,-3.0,-0.3,-1.5,0.4,0.3,1.0,29.0
2023-01-19,-7.5,-0.8,-3.6,0.0,3.3,1.0,23.0
2023-01-20,-9.8,-0.4,-3.6,0.0,0.8,1.0,24.0
2023-01-21,-10.5,-2.7,-5.3,0.4,0.0,0.0,38.0
2023-01-22,-5.0,-1.1,-2.7,0.1,0.3,8.0,25.0
2023-01-23,-3.8,0.6,-1.2,0.0,0.0,5.0,36.0
2023-01-24,-0.4,0.9,0.2,0.0,0.0,4.0,42.0
2022-10-05,3.2,20.9,12.5,0.0,9.9,0.0,29.0
2022-10-06,6.3,16.7,11.7,0.0,2.2,0.0,20.0
2022-10-07,7.9,15.1,11.4,0.0,2.4,0.0,19.0
2022-10-08,4.0,15.1,10.6,0.0,3.7,0.0,33.0
2022-10-09,4.1,13.1,8.7,0.0,5.6,0.0,35.0
2022-10-10,9.4,17.7,12.3,0.4,1.2,0.0,28.0
2022-10-11,9.9,15.2,12.6,0.0,0.4,0.0,20.0
2022-10-12,6.2,14.6,11.4,0.0,0.1,0.0,17.0
2022-10-13,5.3,15.1,11.2,0.0,0.5,0.0,24.0
2022-10-14,10.4,15.0,12.5,13.1,0.0,0.0,35.0
2022-10-15,12.4,17.8,14.6,0.3,1.9,0.0,37.0
2022-10-16,9.2,20.5,14.4,0.0,3.5,0.0,23.0
2022-10-17,6.6,22.0,13.3,0.0,9.9,0.0,19.0
2022-10-18,8.5,20.9,14.2,0.1,7.3,0.0,27.0
2022-10-19,8.7,14.5,11.9,0.2,0.0,0.0,24.0
2022-10-20,8.3,12.7,10.4,1.7,0.0,0.0,19.0
2022-10-21,10.9,15.5,13.1,10.6,0.1,0.0,36.0
2022-10-22,7.6,18.0,12.6,0.0,5.9,0.0,34.0
2022-10-23,5.8,18.8,11.9,4.1,5.5,0.0,60.0
2022-10-24,9.7,14.2,12.8,3.8,0.0,0.0,44.0
2022-10-25,6.8,16.9,10.8,0.3,6.5,0.0,25.0
2022-10-26,8.1,19.2,12.5,0.0,3.2,0.0,28.0
2022-10-27,5.0,18.4,11.3,0.0,8.2,0.0,19.0
2022-10-28,8.9,20.1,14.5,0.0,3.8,0.0,21.0
2022-10-29,9.7,23.2,15.5,0.0,6.9,0.0,20.0
2022-10-30,7.1,23.1,13.4,0.0,8.4,0.0,12.0
2022-10-31,5.5,17.9,10.7,0.0,6.0,0.0,12.0
2022-11-01,5.1,15.0,10.8,0.0,0.7,0.0,23.0
2022-11-02,2.3,14.3,8.4,0.0,3.2,0.0,24.0
2022-11-03,1.3,9.6,4.9,2.4,0.0,0.0,42.0
2022-11-04,4.1,9.4,7.2,2.9,0.0,0.0,28.0
2022-11-05,-0.8,8.2,5.4,1.2,0.6,0.0,24.0
2022-11-06,-1.4,5.9,2.6,0.0,0.1,0.0,32.0
2022-11-07,2.4,12.8,7.7,0.0,2.7,0.0,31.0
2022-11-08,-0.8,12.8,5.7,0.6,5.3,0.0,28.0
2022-11-09,5.3,14.5,10.0,4.8,0.4,0.0,38.0
2022-11-10,0.8,13.0,7.2,0.0,7.6,0.0,20.0
2022-11-11,-0.4,6.1,3.1,0.0,0.9,0.0,13.0
2022-11-12,2.3,5.8,3.8,0.1,0.0,0.0,14.0
2022-11-13,2.0,6.8,3.4,0.0,3.2,0.0,21.0
2022-11-14,2.7,10.6,6.4,0.7,1.3,0.0,30.0
2022-11-15,3.3,12.4,7.2,2.0,5.4,0.0,17.0
2022-11-16,0.7,11.3,7.1,1.8,2.1,0.0,22.0
2022-11-17,1.8,12.4,7.0,12.4,3.5,0.0,41.0
2022-11-18,3.2,7.5,5.5,2.1,0.9,0.0,34.0
2022-11-19,2.3,7.0,4.6,0.5,0.6,0.0,26.0
2022-11-20,0.1,6.5,3.4,2.7,0.6,0.0,40.0
2022-11-21,1.4,7.3,3.3,0.5,3.2,0.0,32.0
2022-11-22,1.9,5.6,3.8,0.0,0.0,0.0,24.0
2022-11-23,0.6,7.7,4.0,2.8,6.9,0.0,33.0
2022-11-24,-1.7,7.6,4.0,1.0,0.9,0.0,32.0
2022-11-25,-2.2,6.8,2.5,1.1,0.3,0.0,23.0
2022-11-26,-0.6,7.8,3.6,0.0,4.5,0.0,16.0
2022-11-27,-3.0,0.3,-0.9,0.0,0.0,0.0,14.0
2022-11-28,-0.2,4.6,1.8,1.1,0.0,0.0,28.0
2022-11-29,2.8,6.2,4.6,5.0,0.0,0.0,17.0
2022-08-10,11.9,25.8,19.4,0.0,13.7,0.0,45.0
2022-08-11,10.4,26.4,18.7,0.0,13.7,0.0,41.0
2022-08-12,9.5,25.1,18.2,0.0,13.6,0.0,40.0
2022-08-13,8.7,26.5,17.7,0.0,13.4,0.0,37.0
2022-08-14,7.8,29.3,19.8,0.0,12.8,0.0,32.0
2022-08-15,12.5,27.0,19.3,1.0,6.0,0.0,48.0
2022-08-16,10.7,27.3,18.7,0.0,11.1,0.0,37.0
2022-08-17,11.3,27.3,20.6,11.4,9.2,0.0,43.0
2022-08-18,15.7,23.3,18.9,35.0,2.1,0.0,26.0
2022-08-19,15.7,17.1,16.3,55.1,0.0,0.0,31.0
2022-08-20,12.8,21.6,17.6,0.0,1.6,0.0,33.0
2022-08-21,9.1,24.5,16.9,0.0,12.5,0.0,20.0
2022-08-22,8.5,24.0,16.5,0.0,12.3,0.0,28.0
2022-08-23,8.0,25.4,17.1,0.0,12.8,0.0,20.0
2022-08-24,8.9,25.4,17.4,0.0,13.0,0.0,31.0
2022-08-25,12.8,26.8,19.1,0.0,12.6,0.0,23.0
2022-08-26,12.8,27.5,20.1,0.0,8.4,0.0,29.0
2022-08-27,13.9,20.0,17.0,1.2,0.2,0.0,33.0
2022-08-28,12.0,21.9,17.4,7.0,3.6,0.0,27.0
2022-08-29,9.8,24.5,17.1,0.0,12.4,0.0,22.0
2022-08-30,10.3,25.4,18.4,0.2,11.8,0.0,26.0
2022-08-31,11.4,20.6,15.8,13.7,2.0,0.0,44.0
2022-09-01,9.9,20.1,15.2,0.0,5.9,0.0,29.0
2022-09-02,7.5,21.1,14.5,0.2,12.5,0.0,31.0
2022-09-03,10.5,20.4,14.9,2.1,4.5,0.0,56.0
2022-09-04,8.8,24.3,16.3,0.0,10.5,0.0,20.0
2022-09-05,9.0,26.0,16.8,0.2,10.1,0.0,19.0
2022-09-06,10.7,24.5,17.7,0.0,5.2,0.0,27.0
2022-09-07,14.6,26.7,19.5,7.1,7.7,0.0,38.0
2022-09-08,8.3,21.2,15.4,2.0,4.9,0.0,36.0
2022-09-09,7.3,20.8,14.2,0.3,6.7,0.0,35.0
2022-09-10,11.2,16.6,13.2,11.2,1.5,0.0,35.0
2022-09-11,7.9,19.5,13.9,0.1,3.2,0.0,32.0
2022-09-12,5.5,22.0,13.0,0.0,10.6,0.0,18.0
2022-09-13,6.6,26.1,16.3,0.4,7.5,0.0,16.0
2022-09-14,14.8,23.3,17.8,1.6,2.1,0.0,47.0
2022-09-15,7.4,19.0,14.3,0.9,0.8,0.0,38.0
2022-09-16,8.4,13.5,10.5,3.3,1.4,0.0,33.0
2022-09-17,5.6,11.3,8.1,9.1,2.5,0.0,41.0
2022-09-18,6.3,12.0,8.8,2.5,0.4,0.0,44.0
2022-09-19,3.5,12.3,7.7,2.0,2.1,0.0,37.0
2022-09-20,1.5,13.2,7.2,0.2,4.9,0.0,31.0
2022-09-21,-0.4,13.6,6.7,0.0,11.0,0.0,31.0
2022-09-22,0.9,14.9,7.6,0.0,11.8,0.0,27.0
2022-09-23,0.1,17.7,8.8,0.0,9.8,0.0,27.0
2022-09-24,7.2,13.0,10.7,11.6,0.0,0.0,15.0
2022-09-25,9.0,15.7,11.2,0.1,2.6,0.0,23.0
2022-09-26,8.3,14.7,10.4,3.1,2.6,0.0,43.0
2022-09-27,5.9,11.2,8.0,7.9,2.8,0.0,55.0
2022-09-28,5.2,9.4,7.6,3.5,0.0,0.0,40.0
2022-09-29,4.7,11.1,7.6,0.0,0.2,0.0,14.0
2022-09-30,2.5,10.5,6.1,0.0,2.5,0.0,12.0
2022-10-01,4.8,10.8,8.6,6.6,0.0,0.0,42.0
2022-10-02,8.3,18.0,12.0,13.9,1.9,0.0,52.0
2022-10-03,3.0,13.8,9.1,0.0,5.7,0.0,24.0
2022-10-04,1.0,15.4,7.7,0.0,7.9,0.0,17.0
2022-06-15,7.9,28.5,19.4,0.0,14.6,0.0,21.0
2022-06-16,11.2,26.6,19.9,0.0,12.3,0.0,41.0
2022-06-17,9.4,26.4,19.0,0.0,15.2,0.0,24.0
2022-06-18,10.0,31.1,22.3,0.0,14.2,0.0,23.0
2022-06-19,13.1,33.3,24.4,0.0,13.9,0.0,30.0
2022-06-20,14.8,28.2,20.9,0.4,9.4,0.0,56.0
2022-06-21,10.5,25.0,18.1,0.5,11.1,0.0,24.0
2022-06-22,14.7,21.7,18.4,4.6,0.6,0.0,26.0
2022-06-23,15.2,27.7,21.4,1.7,12.1,0.0,37.0
2022-06-24,13.8,23.2,17.2,7.8,2.5,0.0,25.0
2022-06-25,11.9,24.3,18.1,0.0,14.4,0.0,23.0
2022-06-26,12.2,27.8,21.0,1.8,12.9,0.0,29.0
2022-06-27,14.1,22.7,18.2,0.5,8.9,0.0,58.0
2022-06-28,12.1,20.9,17.0,0.2,4.0,0.0,31.0
2022-06-29,11.3,25.7,18.6,0.0,3.5,0.0,21.0
2022-06-30,12.7,28.4,20.9,20.9,11.3,0.0,50.0
2022-07-01,8.9,16.3,13.0,12.8,3.0,0.0,36.0
2022-07-02,8.4,23.3,15.9,0.0,12.7,0.0,35.0
2022-07-03,9.1,28.4,20.1,1.7,15.1,0.0,24.0
2022-07-04,15.1,24.0,19.0,0.9,4.5,0.0,19.0
2022-07-05,10.8,24.7,18.5,0.0,13.5,0.0,30.0
2022-07-06,8.3,22.9,16.3,0.0,12.2,0.0,34.0
2022-07-07,7.8,19.2,14.3,0.0,1.1,0.0,40.0
2022-07-08,7.7,20.1,14.6,0.0,12.0,0.0,30.0
2022-07-09,6.5,22.7,16.0,0.1,7.1,0.0,29.0
2022-07-10,6.6,18.7,14.2,0.0,10.5,0.0,42.0
2022-07-11,5.8,20.3,14.3,0.0,2.0,0.0,21.0
2022-07-12,8.2,24.4,16.9,0.0,13.2,0.0,26.0
2022-07-13,8.0,29.7,20.5,0.0,10.5,0.0,23.0
2022-07-14,12.8,32.7,23.7,0.0,13.7,0.0,46.0
2022-07-15,10.0,25.0,18.3,0.0,12.7,0.0,32.0
2022-07-16,7.2,23.8,16.8,0.0,15.0,0.0,35.0
2022-07-17,7.7,26.7,18.2,0.0,15.1,0.0,24.0
2022-07-18,8.4,30.2,20.6,0.0,15.0,0.0,21.0
2022-07-19,9.9,32.7,22.8,0.0,14.9,0.0,34.0
2022-07-20,11.4,35.4,23.2,3.3,10.7,0.0,73.0
2022-07-21,13.5,26.9,20.5,0.0,6.5,0.0,24.0
2022-07-22,11.6,30.8,22.3,2.6,14.2,0.0,32.0
2022-07-23,16.6,27.2,21.1,0.0,9.4,0.0,32.0
2022-07-24,13.3,30.0,22.1,0.0,14.4,0.0,26.0
2022-07-25,12.2,33.6,24.0,0.0,11.7,0.0,45.0
2022-07-26,13.3,25.3,20.5,0.0,9.6,0.0,48.0
2022-07-27,12.1,24.4,18.5,0.0,4.4,0.0,26.0
2022-07-28,11.8,27.6,19.9,5.4,12.8,0.0,40.0
2022-07-29,14.7,25.0,17.6,23.8,4.6,0.0,35.0
2022-07-30,12.3,25.7,18.5,0.0,11.3,0.0,34.0
2022-07-31,10.4,27.3,19.8,0.0,6.3,0.0,27.0
2022-08-01,15.9,26.5,20.7,6.3,6.8,0.0,35.0
2022-08-02,14.0,27.0,20.1,0.0,10.4,0.0,21.0
2022-08-03,12.2,31.0,21.8,0.0,14.4,0.0,35.0
2022-08-04,12.6,33.0,23.6,0.0,14.3,0.0,29.0
2022-08-05,16.4,30.5,23.2,8.1,7.7,0.0,48.0
2022-08-06,11.4,21.4,16.7,0.0,4.8,0.0,31.0
2022-08-07,10.1,23.9,17.2,0.0,13.1,0.0,34.0
2022-08-08,8.0,25.5,17.4,0.0,14.2,0.0,36.0
2022-08-09,9.3,26.1,18.3,0.0,13.9,0.0,39.0
2022-04-20,-1.2,12.3,5.8,0.0,13.4,0.0,38.0
2022-04-21,0.7,15.1,8.0,0.0,11.3,0.0,36.0
2022-04-22,1.2,16.8,9.6,0.0,12.3,0.0,39.0
2022-04-23,5.9,12.5,8.7,10.5,0.5,0.0,40.0
2022-04-24,6.3,9.1,7.6,5.7,0.1,0.0,40.0
2022-04-25,6.5,13.6,8.8,3.4,3.1,0.0,50.0
2022-04-26,4.5,10.5,7.4,5.7,2.3,0.0,33.0
2022-04-27,4.3,12.6,7.8,0.0,5.8,0.0,30.0
2022-04-28,1.6,15.4,9.1,0.0,13.5,0.0,40.0
2022-04-29,0.8,17.3,9.9,0.0,10.4,0.0,35.0
2022-04-30,3.5,11.3,8.0,9.8,2.1,0.0,27.0
2022-05-01,1.4,13.7,7.9,0.0,5.3,0.0,20.0
2022-05-02,1.5,17.0,10.0,0.0,9.3,0.0,31.0
2022-05-03,3.9,19.1,11.9,0.7,10.5,0.0,37.0
2022-05-04,8.4,18.1,12.8,0.0,9.1,0.0,35.0
2022-05-05,6.6,16.8,11.6,3.4,2.7,0.0,31.0
2022-05-06,8.2,13.8,11.6,0.1,0.2,0.0,27.0
2022-05-07,6.2,18.4,12.2,0.0,6.6,0.0,33.0
2022-05-08,6.5,16.6,11.7,0.0,3.9,0.0,32.0
2022-05-09,6.9,20.9,14.1,0.0,12.4,0.0,33.0
2022-05-10,6.2,23.0,15.9,0.0,10.2,0.0,24.0
2022-05-11,9.2,25.9,18.9,0.0,13.1,0.0,40.0
2022-05-12,14.1,24.5,18.8,4.3,9.5,0.0,48.0
2022-05-13,7.7,19.3,14.6,15.2,5.6,0.0,31.0
2022-05-14,5.7,21.6,14.3,0.0,13.0,0.0,23.0
2022-05-15,5.7,23.5,15.7,0.9,14.4,0.0,26.0
2022-05-16,9.4,20.3,14.7,12.4,3.1,0.0,42.0
2022-05-17,7.9,22.0,16.2,0.0,13.5,0.0,22.0
2022-05-18,8.3,24.9,17.6,0.0,14.5,0.0,32.0
2022-05-19,8.7,28.5,17.5,4.0,9.5,0.0,34.0
2022-05-20,11.1,29.2,20.6,0.4,11.4,0.0,44.0
2022-05-21,7.7,21.9,15.6,0.0,12.7,0.0,38.0
2022-05-22,5.5,23.3,15.3,0.3,11.6,0.0,26.0
2022-05-23,9.4,21.6,15.3,7.5,4.2,0.0,43.0
2022-05-24,11.7,16.6,13.9,3.1,0.4,0.0,43.0
2022-05-25,9.5,18.8,13.3,0.0,5.7,0.0,25.0
2022-05-26,8.2,19.6,13.9,0.0,7.9,0.0,34.0
2022-05-27,7.7,19.6,13.5,0.0,8.0,0.0,42.0
2022-05-28,4.2,15.2,10.6,0.0,12.4,0.0,33.0
2022-05-29,1.8,12.4,7.9,1.7,7.0,0.0,36.0
2022-05-30,0.0,16.8,9.5,0.0,11.8,0.0,24.0
2022-05-31,3.1,21.0,12.6,0.9,6.5,0.0,35.0
2022-06-01,7.0,20.5,14.2,0.0,8.7,0.0,41.0
2022-06-02,7.2,21.4,14.8,0.0,9.0,0.0,30.0
2022-06-03,9.3,24.9,16.6,1.4,6.3,0.0,22.0
2022-06-04,10.8,24.0,18.4,0.1,10.5,0.0,36.0
2022-06-05,13.2,21.3,16.4,22.5,3.3,0.0,49.0
2022-06-06,10.6,23.0,16.8,0.7,8.7,0.0,30.0
2022-06-07,11.5,19.6,14.7,5.4,3.4,0.0,36.0
2022-06-08,8.5,20.5,14.6,1.0,9.0,0.0,42.0
2022-06-09,9.5,17.7,13.2,0.4,6.6,0.0,40.0
2022-06-10,7.4,21.7,14.9,0.0,11.1,0.0,17.0
2022-06-11,7.1,25.0,17.2,0.0,14.9,0.0,17.0
2022-06-12,9.2,27.8,19.9,4.4,14.1,0.0,23.0
2022-06-13,8.4,20.8,16.4,0.0,12.7,0.0,47.0
2022-06-14,6.4,22.8,15.9,0.0,14.8,0.0,26.0
2022-02-23,-1.6,9.2,4.4,0.0,9.1,0.0,45.0
2022-02-24,-3.2,12.4,4.3,0.6,6.0,0.0,53.0
2022-02-25,-2.4,4.4,0.8,1.3,4.4,0.0,45.0
2022-02-26,-1.7,3.2,0.7,0.0,1.6,1.0,28.0
2022-02-27,-3.6,5.0,0.1,0.0,9.0,0.0,45.0
2022-02-28,-6.0,5.7,0.0,0.0,10.4,0.0,24.0
2022-03-01,-7.9,5.0,-1.9,0.0,10.0,0.0,24.0
2022-03-02,-6.7,4.9,-0.9,0.0,2.4,0.0,18.0
2022-03-03,-6.3,9.8,1.1,0.0,10.6,0.0,32.0
2022-03-04,-5.3,5.7,-0.3,0.0,10.6,0.0,28.0
2022-03-05,-7.2,3.7,-1.9,0.0,9.4,0.0,39.0
2022-03-06,-5.2,3.9,-1.0,0.0,7.1,0.0,38.0
2022-03-07,-5.3,1.8,-2.2,0.0,9.1,0.0,40.0
2022-03-08,-7.0,6.3,-0.7,0.0,10.9,0.0,40.0
2022-03-09,-7.3,9.8,1.0,0.0,11.1,0.0,19.0
2022-03-10,-5.6,11.9,3.0,0.0,11.3,0.0,36.0
2022-03-11,-4.5,10.3,2.0,0.0,10.4,0.0,31.0
2022-03-12,-3.2,11.1,3.1,0.0,9.9,0.0,33.0
2022-03-13,-4.9,14.0,5.0,0.1,11.2,0.0,26.0
2022-03-14,2.4,13.6,7.5,0.0,8.7,0.0,44.0
2022-03-15,1.8,7.7,5.2,1.2,0.0,0.0,24.0
2022-03-16,3.5,8.3,5.9,0.0,0.0,0.0,27.0
2022-03-17,2.9,7.3,5.1,3.5,0.0,0.0,25.0
2022-03-18,3.6,11.5,6.7,0.0,3.4,0.0,46.0
2022-03-19,1.3,10.9,4.3,0.0,9.1,0.0,44.0
2022-03-20,-0.6,13.5,5.6,0.0,11.0,0.0,32.0
2022-03-21,-2.9,13.1,4.3,0.0,10.2,0.0,24.0
2022-03-22,-2.4,15.2,5.5,0.0,11.7,0.0,23.0
2022-03-23,-2.8,17.6,7.7,0.0,11.7,0.0,20.0
2022-03-24,-2.0,18.0,8.6,0.0,11.7,0.0,27.0
2022-03-25,-1.7,17.5,8.2,0.0,11.5,0.0,44.0
2022-03-26,2.2,16.8,8.6,0.0,11.6,0.0,38.0
2022-03-27,1.1,17.9,9.0,0.0,11.9,0.0,34.0
2022-03-28,-1.4,19.8,9.1,0.0,11.0,0.0,37.0
2022-03-29,1.9,16.7,10.2,0.3,1.1,0.0,48.0
2022-03-30,5.0,11.5,8.3,4.0,0.3,0.0,30.0
2022-03-31,2.5,9.8,5.6,16.6,0.6,0.0,30.0
2022-04-01,-1.7,2.5,0.3,4.1,0.0,0.0,34.0
2022-04-02,-2.8,-1.2,-2.0,2.4,0.0,3.0,40.0
2022-04-03,-6.4,0.5,-2.0,0.0,3.1,6.0,23.0
2022-04-04,-8.2,7.1,0.1,1.0,9.9,2.0,51.0
2022-04-05,1.3,8.2,4.8,1.8,0.0,0.0,41.0
2022-04-06,6.4,14.2,9.7,0.1,1.5,0.0,32.0
2022-04-07,6.5,11.4,8.7,14.5,2.5,0.0,79.0
2022-04-08,2.5,11.2,7.8,9.4,0.5,0.0,73.0
2022-04-09,0.0,6.4,2.6,0.0,6.4,1.0,40.0
2022-04-10,-1.9,7.6,2.8,0.0,9.7,0.0,43.0
2022-04-11,-2.7,13.3,5.3,0.0,11.5,0.0,26.0
2022-04-12,-0.2,18.3,9.7,0.0,9.7,0.0,24.0
2022-04-13,4.5,21.5,13.2,0.0,12.1,0.0,26.0
2022-04-14,5.2,20.7,13.6,3.0,11.5,0.0,31.0
2022-04-15,6.0,18.2,12.6,0.0,8.2,0.0,37.0
2022-04-16,0.8,11.8,6.5,0.0,4.7,0.0,35.0
2022-04-17,-0.9,12.0,5.6,0.0,13.3,0.0,41.0
2022-04-18,-1.1,13.2,6.5,0.0,13.4,0.0,32.0
2022-04-19,-1.6,15.6,8.4,0.0,13.0,0.0,44.0
2021-12-29,5.7,8.4,6.5,5.4,0.0,0.0,45.0
2021-12-30,8.2,14.3,11.3,0.7,2.1,0.0,32.0
2021-12-31,4.3,12.3,9.0,0.0,4.2,0.0,31.0
2022-01-01,0.4,11.1,5.1,0.0,7.2,0.0,18.0
2022-01-02,0.5,9.2,5.5,0.0,1.8,0.0,33.0
2022-01-03,7.2,10.4,8.7,0.6,0.1,0.0,49.0
2022-01-04,0.9,11.2,7.0,13.9,0.1,0.0,53.0
2022-01-05,-1.0,2.3,0.4,1.1,1.2,0.0,43.0
2022-01-06,-4.1,1.8,-0.4,0.3,1.2,0.0,26.0
2022-01-07,-4.1,-0.2,-1.9,1.1,0.0,0.0,36.0
2022-01-08,-2.5,1.3,-0.3,3.7,2.4,3.0,45.0
2022-01-09,-1.8,2.7,0.9,0.8,2.3,4.0,50.0
2022-01-10,-3.3,1.0,-0.5,0.0,0.6,1.0,22.0
2022-01-11,-4.1,1.3,-0.1,0.0,0.0,0.0,27.0
2022-01-12,-7.9,-1.7,-3.8,0.0,4.1,0.0,19.0
2022-01-13,-9.2,-0.9,-5.1,0.0,3.1,0.0,14.0
2022-01-14,-6.6,6.6,-1.4,0.0,8.2,0.0,15.0
2022-01-15,-5.8,-1.3,-2.8,0.0,0.7,0.0,22.0
2022-01-16,-3.1,3.3,-0.5,0.1,5.0,0.0,30.0
2022-01-17,0.7,4.1,1.9,0.0,2.1,0.0,42.0
2022-01-18,-0.8,3.4,1.6,0.0,0.1,0.0,27.0
2022-01-19,-2.3,4.7,1.1,0.5,5.7,0.0,46.0
2022-01-20,-1.7,2.2,0.0,2.2,1.8,1.0,46.0
2022-01-21,-2.8,0.3,-1.3,0.0,3.6,2.0,27.0
2022-01-22,-0.6,1.6,0.7,0.1,0.0,1.0,27.0
2022-01-23,-0.5,2.7,1.1,0.3,0.0,0.0,23.0
2022-01-24,-2.2,3.6,0.0,0.0,8.6,0.0,21.0
2022-01-25,-4.0,-0.5,-2.2,0.0,0.8,0.0,20.0
2022-01-26,-6.6,2.1,-2.9,0.0,8.5,0.0,36.0
2022-01-27,-6.9,3.0,-1.4,0.1,7.3,0.0,38.0
2022-01-28,0.1,3.4,2.0,0.0,2.2,0.0,37.0
2022-01-29,-0.3,5.6,2.9,1.6,0.0,0.0,49.0
2022-01-30,-3.0,5.4,2.7,0.0,4.3,0.0,44.0
2022-01-31,-1.8,3.3,0.8,6.2,1.1,0.0,58.0
2022-02-01,-0.6,3.6,0.5,1.5,0.1,6.0,47.0
2022-02-02,1.7,6.4,4.2,0.6,1.1,2.0,51.0
2022-02-03,2.5,7.0,4.8,0.0,0.1,0.0,24.0
2022-02-04,-0.2,5.6,3.7,0.7,0.9,0.0,41.0
2022-02-05,-2.2,5.4,1.8,0.0,7.8,0.0,42.0
2022-02-06,-0.6,5.1,2.3,12.6,0.0,0.0,66.0
2022-02-07,-1.8,1.6,0.2,0.1,2.0,7.0,69.0
2022-02-08,-1.8,7.2,2.3,0.0,3.7,5.0,34.0
2022-02-09,-2.4,10.0,3.6,0.0,9.4,2.0,21.0
2022-02-10,-2.6,12.1,4.1,0.8,9.0,0.0,56.0
2022-02-11,-3.0,5.0,1.8,0.1,4.9,0.0,38.0
2022-02-12,-5.6,4.3,-1.0,0.0,7.4,0.0,33.0
2022-02-13,-2.7,8.7,2.0,0.0,9.6,0.0,30.0
2022-02-14,-2.2,9.5,4.5,0.0,4.0,0.0,28.0
2022-02-15,0.9,5.6,3.6,1.3,0.7,0.0,34.0
2022-02-16,0.7,8.9,4.4,1.5,0.1,0.0,63.0
2022-02-17,5.6,10.7,8.8,1.2,5.4,0.0,73.0
2022-02-18,4.6,13.6,8.2,0.9,0.8,0.0,65.0
2022-02-19,1.5,7.3,4.3,0.0,9.7,0.0,49.0
2022-02-20,2.1,9.0,5.9,2.4,2.8,0.0,67.0
2022-02-21,0.7,7.9,3.8,1.6,1.8,0.0,69.0
2022-02-22,1.9,6.8,4.4,1.0,2.4,0.0,49.0
2021-11-03,-0.3,7.7,4.0,4.7,2.0,0.0,19.0
2021-11-04,2.4,5.5,4.0,1.9,0.1,0.0,36.0
2021-11-05,2.4,6.7,4.2,0.3,0.3,0.0,22.0
2021-11-06,-2.3,5.3,1.5,0.0,4.8,0.0,16.0
2021-11-07,-0.4,6.0,3.0,0.0,1.5,0.0,33.0
2021-11-08,-1.1,8.2,3.8,0.0,3.2,0.0,18.0
2021-11-09,-1.9,7.2,1.9,0.0,9.0,0.0,37.0
2021-11-10,-2.9,7.8,1.2,0.0,1.8,0.0,15.0
2021-11-11,-2.4,11.1,3.0,0.0,8.6,0.0,16.0
2021-11-12,-1.5,2.7,0.1,0.0,0.0,0.0,15.0
2021-11-13,-0.3,5.3,3.0,1.0,0.0,0.0,20.0
2021-11-14,4.3,7.0,5.8,0.1,0.0,0.0,36.0
2021-11-15,3.0,5.0,3.7,0.0,0.0,0.0,38.0
2021-11-16,2.7,3.9,3.2,0.0,0.0,0.0,13.0
2021-11-17,1.9,4.1,3.1,0.0,0.0,0.0,25.0
2021-11-18,0.2,6.3,3.7,0.0,0.3,0.0,18.0
2021-11-19,-2.1,5.6,1.7,0.1,7.1,0.0,19.0
2021-11-20,0.5,4.4,2.9,0.0,0.0,0.0,21.0
2021-11-21,-1.0,2.6,0.7,0.1,0.0,0.0,24.0
2021-11-22,0.3,4.1,2.4,1.0,0.0,0.0,35.0
2021-11-23,-3.8,2.8,-0.8,0.0,6.0,0.0,26.0
2021-11-24,-2.9,-0.9,-2.0,0.0,0.0,0.0,24.0
2021-11-25,-1.9,-1.2,-1.5,0.0,0.0,0.0,19.0
2021-11-26,-2.0,1.0,-0.7,0.0,0.0,0.0,34.0
2021-11-27,-3.0,3.6,0.1,0.5,0.7,0.0,35.0
2021-11-28,-3.2,1.4,-0.9,1.0,0.0,0.0,14.0
2021-11-29,-1.7,0.3,-0.8,1.9,0.4,1.0,33.0
2021-11-30,-1.5,1.1,-0.3,11.3,0.0,4.0,58.0
2021-12-01,1.0,6.3,3.9,2.9,2.9,7.0,46.0
2021-12-02,-1.3,4.0,1.3,0.9,1.4,0.0,38.0
2021-12-03,-1.9,1.4,-0.7,2.0,5.6,0.0,33.0
2021-12-04,-1.2,6.3,3.1,3.6,0.0,1.0,51.0
2021-12-05,-0.6,4.4,1.1,0.0,3.6,0.0,30.0
2021-12-06,-2.2,2.8,-0.1,0.7,1.5,0.0,19.0
2021-12-07,-3.6,2.9,-0.1,1.8,2.3,1.0,35.0
2021-12-08,-2.5,0.6,-0.6,13.5,0.0,0.0,16.0
2021-12-09,-0.3,2.5,0.6,0.0,2.6,8.0,27.0
2021-12-10,-7.3,1.0,-1.9,2.1,0.4,5.0,31.0
2021-12-11,-2.1,1.0,0.1,0.0,0.0,7.0,35.0
2021-12-12,-3.6,2.6,0.4,0.0,3.0,6.0,29.0
2021-12-13,1.1,4.6,2.3,0.2,0.0,3.0,15.0
2021-12-14,-0.3,4.7,1.6,0.0,2.3,0.0,21.0
2021-12-15,1.4,2.9,2.3,0.0,0.0,0.0,16.0
2021-12-16,0.4,3.4,1.6,0.0,0.0,0.0,15.0
2021-12-17,0.4,5.2,2.4,0.0,4.0,0.0,22.0
2021-12-18,-2.1,0.5,-0.9,0.0,0.0,0.0,19.0
2021-12-19,-3.0,0.1,-1.4,0.0,0.0,0.0,24.0
2021-12-20,-3.9,2.7,-0.2,0.0,0.9,0.0,17.0
2021-12-21,-6.3,-1.8,-3.6,0.0,2.7,0.0,23.0
2021-12-22,-5.9,-3.4,-4.5,0.0,1.8,0.0,23.0
2021-12-23,-5.6,3.2,-1.5,0.0,0.4,0.0,33.0
2021-12-24,2.1,4.8,3.5,6.6,0.0,0.0,33.0
2021-12-25,1.1,7.0,4.8,2.8,0.0,0.0,23.0
2021-12-26,0.2,4.7,2.0,1.2,0.0,0.0,15.0
2021-12-27,4.3,5.9,5.0,2.0,0.0,0.0,37.0
2021-12-28,3.6,8.8,5.8,9.8,0.0,0.0,65.0
2021-09-08,9.0,23.9,15.7,0.0,12.5,0.0,28.0
2021-09-09,10.0,25.2,17.6,0.0,11.2,0.0,37.0
2021-09-10,10.8,24.5,17.5,0.6,10.2,0.0,35.0
2021-09-11,13.0,21.1,16.4,0.9,2.8,0.0,26.0
2021-09-12,10.6,22.8,15.9,0.0,9.8,0.0,21.0
2021-09-13,9.3,23.8,16.0,0.0,10.2,0.0,20.0
2021-09-14,9.3,26.0,17.7,0.0,9.9,0.0,24.0
2021-09-15,14.4,21.4,17.5,5.1,0.9,0.0,25.0
2021-09-16,10.0,18.7,14.9,3.3,0.5,0.0,32.0
2021-09-17,6.7,17.5,12.1,0.0,2.6,0.0,16.0
2021-09-18,5.3,19.6,12.2,0.0,11.6,0.0,17.0
2021-09-19,6.4,18.0,12.5,0.5,6.9,0.0,24.0
2021-09-20,8.0,14.3,11.8,0.0,0.2,0.0,15.0
2021-09-21,4.4,14.7,10.6,0.0,1.7,0.0,18.0
2021-09-22,2.5,16.6,9.2,0.0,10.5,0.0,21.0
2021-09-23,2.3,20.7,11.6,0.0,11.8,0.0,27.0
2021-09-24,6.7,21.0,13.4,0.0,11.6,0.0,23.0
2021-09-25,4.7,23.2,14.5,0.1,11.0,0.0,20.0
2021-09-26,13.5,20.5,16.9,0.5,3.3,0.0,39.0
2021-09-27,10.4,20.6,15.0,0.0,4.1,0.0,26.0
2021-09-28,9.7,16.4,12.7,0.7,6.5,0.0,29.0
2021-09-29,7.0,18.5,12.2,0.4,6.0,0.0,46.0
2021-09-30,2.3,14.3,7.9,0.0,11.2,0.0,21.0
2021-10-01,0.9,18.7,9.3,0.0,10.8,0.0,24.0
2021-10-02,7.4,20.1,13.8,0.0,5.4,0.0,24.0
2021-10-03,7.5,20.6,14.1,0.0,0.8,0.0,36.0
2021-10-04,8.9,13.3,11.1,2.1,0.0,0.0,22.0
2021-10-05,9.1,13.0,10.5,2.0,0.9,0.0,51.0
2021-10-06,7.4,12.8,9.2,0.4,4.8,0.0,31.0
2021-10-07,7.0,12.5,9.2,0.0,2.0,0.0,23.0
2021-10-08,6.5,13.1,9.7,0.0,0.2,0.0,28.0
2021-10-09,3.1,13.1,7.9,0.0,6.1,0.0,41.0
2021-10-10,-1.4,11.6,5.0,0.0,10.4,0.0,23.0
2021-10-11,-2.6,13.8,5.8,0.0,8.1,0.0,26.0
2021-10-12,5.1,9.2,7.3,2.6,0.0,0.0,36.0
2021-10-13,2.1,10.3,5.7,0.0,4.1,0.0,28.0
2021-10-14,-0.8,12.4,4.8,0.0,4.6,0.0,23.0
2021-10-15,-1.6,14.8,5.8,0.0,7.2,0.0,22.0
2021-10-16,0.5,11.3,6.3,0.0,3.1,0.0,21.0
2021-10-17,-1.0,9.5,4.1,0.0,3.4,0.0,17.0
2021-10-18,1.1,9.8,5.5,0.0,3.7,0.0,15.0
2021-10-19,1.7,13.1,8.9,0.7,0.0,0.0,27.0
2021-10-20,6.4,18.6,12.6,6.1,7.1,0.0,35.0
2021-10-21,6.7,13.4,11.3,1.3,6.5,0.0,80.0
2021-10-22,2.8,9.7,6.0,0.0,8.6,0.0,36.0
2021-10-23,0.5,11.0,5.1,0.0,4.0,0.0,22.0
2021-10-24,-1.9,9.6,3.0,0.0,9.9,0.0,20.0
2021-10-25,-1.8,12.7,4.5,0.0,4.4,0.0,13.0
2021-10-26,1.1,12.6,6.7,0.2,2.8,0.0,27.0
2021-10-27,0.2,11.6,5.5,0.2,7.2,0.0,18.0
2021-10-28,2.7,14.3,7.5,0.0,5.8,0.0,24.0
2021-10-29,1.8,5.3,3.6,0.0,0.0,0.0,15.0
2021-10-30,2.4,6.8,4.5,0.8,0.0,0.0,16.0
2021-10-31,5.1,16.8,9.7,0.4,8.5,0.0,19.0
2021-11-01,4.7,11.5,7.8,4.6,0.0,0.0,43.0
2021-11-02,-0.2,9.3,5.3,0.9,2.5,0.0,35.0
2021-07-14,10.4,20.3,14.2,1.9,2.8,0.0,28.0
2021-07-15,12.6,19.3,14.7,7.5,1.5,0.0,25.0
2021-07-16,12.7,22.3,17.0,0.0,5.2,0.0,32.0
2021-07-17,15.5,18.8,17.0,0.7,0.0,0.0,33.0
2021-07-18,14.0,23.9,18.7,0.0,13.9,0.0,32.0
2021-07-19,12.5,26.1,19.4,0.0,12.6,0.0,31.0
2021-07-20,10.9,22.8,17.1,0.0,13.8,0.0,27.0
2021-07-21,9.5,24.8,17.6,0.0,13.5,0.0,22.0
2021-07-22,10.4,26.0,18.4,4.5,10.3,0.0,42.0
2021-07-23,11.2,26.7,19.3,0.0,13.8,0.0,24.0
2021-07-24,12.2,21.8,16.9,13.9,1.8,0.0,28.0
2021-07-25,13.6,20.7,17.1,0.9,2.4,0.0,24.0
2021-07-26,12.8,24.1,17.6,0.0,3.3,0.0,30.0
2021-07-27,12.0,24.3,18.5,0.0,7.6,0.0,19.0
2021-07-28,13.2,21.4,17.1,3.9,5.2,0.0,32.0
2021-07-29,11.2,25.0,18.2,0.0,10.8,0.0,31.0
2021-07-30,10.6,27.8,18.4,3.4,10.9,0.0,49.0
2021-07-31,13.9,23.2,17.9,18.0,8.7,0.0,29.0
2021-08-01,11.3,16.6,13.5,5.4,0.9,0.0,33.0
2021-08-02,9.2,20.2,14.4,3.6,5.2,0.0,41.0
2021-08-03,7.7,19.7,13.6,9.2,3.4,0.0,26.0
2021-08-04,11.7,18.4,14.0,5.1,2.0,0.0,22.0
2021-08-05,12.3,20.6,15.1,2.5,3.7,0.0,26.0
2021-08-06,12.5,22.1,16.4,0.7,6.0,0.0,43.0
2021-08-07,12.2,19.6,14.7,7.8,0.3,0.0,31.0
2021-08-08,9.1,20.5,15.1,0.0,6.5,0.0,26.0
2021-08-09,7.2,22.7,15.6,0.0,10.4,0.0,27.0
2021-08-10,9.2,25.4,17.3,0.0,7.7,0.0,32.0
2021-08-11,11.2,27.3,19.1,0.0,10.5,0.0,29.0
2021-08-12,11.8,29.0,20.6,0.0,13.1,0.0,20.0
2021-08-13,15.3,29.9,22.2,0.0,10.7,0.0,33.0
2021-08-14,14.7,29.8,22.5,0.0,11.6,0.0,23.0
2021-08-15,14.8,28.4,20.7,3.3,8.4,0.0,55.0
2021-08-16,11.0,20.5,17.6,1.0,2.6,0.0,44.0
2021-08-17,7.7,17.9,12.5,1.5,7.6,0.0,37.0
2021-08-18,11.0,19.7,14.4,0.0,1.5,0.0,25.0
2021-08-19,12.2,20.0,16.2,0.0,1.0,0.0,22.0
2021-08-20,12.5,23.7,17.7,0.0,7.2,0.0,21.0
2021-08-21,9.7,27.0,18.3,0.1,10.4,0.0,31.0
2021-08-22,11.2,21.0,16.4,1.5,0.7,0.0,36.0
2021-08-23,10.6,19.8,14.6,1.0,3.4,0.0,30.0
2021-08-24,8.8,17.9,12.9,0.1,1.3,0.0,30.0
2021-08-25,8.8,19.3,13.6,0.0,13.0,0.0,40.0
2021-08-26,8.1,16.0,12.1,0.4,1.7,0.0,41.0
2021-08-27,9.1,16.5,12.6,3.8,6.6,0.0,35.0
2021-08-28,10.6,15.7,12.1,7.5,3.7,0.0,25.0
2021-08-29,10.1,13.9,11.8,10.8,0.0,0.0,24.0
2021-08-30,12.0,16.5,13.4,7.4,1.5,0.0,38.0
2021-08-31,9.0,17.8,13.2,0.6,3.8,0.0,27.0
2021-09-01,7.1,19.2,13.2,0.0,10.0,0.0,28.0
2021-09-02,6.7,21.2,13.9,0.0,12.8,0.0,34.0
2021-09-03,8.2,22.0,14.5,0.0,12.7,0.0,18.0
2021-09-04,6.7,22.9,14.7,0.0,12.7,0.0,20.0
2021-09-05,7.6,23.4,15.4,0.0,12.6,0.0,25.0
2021-09-06,6.8,23.6,15.3,0.0,12.3,0.0,30.0
2021-09-07,7.0,23.2,15.0,0.0,9.1,0.0,26.0
2021-05-19,4.8,14.3,8.7,0.9,4.7,0.0,45.0
2021-05-20,4.1,13.4,9.1,0.0,4.1,0.0,33.0
2021-05-21,6.6,13.0,9.3,10.1,0.3,0.0,44.0
2021-05-22,5.8,16.3,10.7,3.8,10.6,0.0,51.0
2021-05-23,3.8,15.3,9.8,0.4,6.7,0.0,44.0
2021-05-24,2.6,13.1,8.7,3.6,0.2,0.0,68.0
2021-05-25,4.6,13.7,9.0,0.0,6.3,0.0,48.0
2021-05-26,6.7,12.1,8.9,6.2,0.0,0.0,46.0
2021-05-27,6.1,13.2,9.4,0.2,2.5,0.0,29.0
2021-05-28,5.8,15.2,10.8,0.0,5.2,0.0,24.0
2021-05-29,5.8,16.9,11.5,0.0,8.4,0.0,33.0
2021-05-30,4.2,17.1,10.7,0.0,13.5,0.0,32.0
2021-05-31,3.1,17.3,11.2,0.0,15.3,0.0,32.0
2021-06-01,3.9,20.2,13.1,0.0,15.3,0.0,34.0
2021-06-02,4.3,23.7,15.5,0.0,14.4,0.0,29.0
2021-06-03,9.3,24.2,17.7,0.0,6.8,0.0,28.0
2021-06-04,10.9,23.8,16.6,0.6,3.9,0.0,42.0
2021-06-05,11.9,20.3,15.2,11.7,1.4,0.0,44.0
2021-06-06,13.4,16.6,14.7,7.6,0.0,0.0,30.0
2021-06-07,13.4,19.5,16.2,0.3,3.4,0.0,31.0
2021-06-08,12.9,21.1,16.6,0.0,3.2,0.0,28.0
2021-06-09,11.6,22.5,16.3,8.0,6.4,0.0,36.0
2021-06-10,9.4,22.6,16.7,0.0,9.7,0.0,27.0
2021-06-11,10.1,24.3,18.1,0.0,13.5,0.0,23.0
2021-06-12,10.8,25.0,18.8,0.0,11.4,0.0,41.0
2021-06-13,9.6,21.6,16.4,0.0,14.5,0.0,26.0
2021-06-14,7.4,23.7,16.4,0.0,15.7,0.0,22.0
2021-06-15,8.0,26.2,18.5,0.0,15.1,0.0,22.0
2021-06-16,11.0,27.3,20.0,0.0,13.9,0.0,22.0
2021-06-17,11.4,30.5,21.6,0.0,14.8,0.0,19.0
2021-06-18,11.3,30.5,22.3,0.0,14.4,0.0,22.0
2021-06-19,17.4,29.0,23.7,1.0,12.6,0.0,27.0
2021-06-20,13.9,25.3,20.3,5.8,3.6,0.0,60.0
2021-06-21,13.2,25.9,19.1,15.7,11.0,0.0,41.0
2021-06-22,13.9,21.9,17.3,7.9,6.7,0.0,32.0
2021-06-23,12.9,23.3,17.9,56.4,9.6,0.0,59.0
2021-06-24,12.0,22.5,17.1,4.1,9.0,0.0,30.0
2021-06-25,11.8,18.8,15.3,0.0,6.2,0.0,32.0
2021-06-26,10.9,22.3,16.9,0.0,10.1,0.0,24.0
2021-06-27,11.8,25.4,19.0,0.5,10.2,0.0,30.0
2021-06-28,15.0,27.5,21.0,13.5,11.3,0.0,46.0
2021-06-29,12.5,22.7,16.1,13.3,7.2,0.0,59.0
2021-06-30,10.7,17.2,13.6,12.9,4.3,0.0,31.0
2021-07-01,10.3,15.7,12.4,0.8,1.1,0.0,34.0
2021-07-02,9.3,20.9,15.0,0.0,12.8,0.0,35.0
2021-07-03,7.6,23.8,16.6,3.4,11.3,0.0,29.0
2021-07-04,12.9,21.8,16.2,12.8,3.6,0.0,35.0
2021-07-05,11.7,20.5,15.7,0.2,2.7,0.0,31.0
2021-07-06,10.2,26.5,17.8,4.4,8.2,0.0,40.0
2021-07-07,15.0,18.5,16.3,6.9,2.2,0.0,19.0
2021-07-08,14.0,18.7,15.7,55.4,0.3,0.0,32.0
2021-07-09,10.1,20.3,15.0,2.9,3.5,0.0,37.0
2021-07-10,8.3,23.3,16.1,11.7,11.1,0.0,48.0
2021-07-11,10.5,20.1,15.5,1.4,4.5,0.0,21.0
2021-07-12,9.3,25.1,17.8,0.0,10.4,0.0,31.0
2021-07-13,11.1,17.7,15.2,14.3,1.2,0.0,45.0
2021-03-24,-4.5,13.3,3.7,0.0,11.8,0.0,24.0
2021-03-25,-1.9,15.6,6.9,0.3,9.0,0.0,28.0
2021-03-26,0.2,15.7,9.1,3.8,10.1,0.0,38.0
2021-03-27,4.3,10.2,6.9,0.0,5.4,0.0,55.0
2021-03-28,-1.0,13.4,6.9,0.0,10.3,0.0,32.0
2021-03-29,0.1,18.4,9.4,0.0,10.5,0.0,26.0
2021-03-30,0.5,20.3,10.8,0.0,11.9,0.0,24.0
2021-03-31,0.7,22.0,11.7,0.0,12.2,0.0,21.0
2021-04-01,4.5,22.3,13.6,0.0,9.8,0.0,37.0
2021-04-02,1.2,12.4,7.8,0.0,9.8,0.0,48.0
2021-04-03,-1.2,7.9,3.7,0.0,2.7,0.0,29.0
2021-04-04,-3.5,11.3,4.0,0.0,12.1,0.0,21.0
2021-04-05,-2.8,11.9,3.0,0.5,3.3,0.0,62.0
2021-04-06,-4.7,2.9,-1.5,0.8,4.5,0.0,50.0
2021-04-07,-3.1,2.4,-1.3,0.5,3.8,0.0,53.0
2021-04-08,-3.6,6.9,1.4,0.0,7.3,0.0,35.0
2021-04-09,-5.3,15.0,5.7,0.0,7.4,0.0,35.0
2021-04-10,5.2,15.8,10.7,0.0,4.2,0.0,42.0
2021-04-11,5.3,18.7,11.4,2.0,7.1,0.0,45.0
2021-04-12,-1.3,5.6,1.7,0.4,0.4,0.0,36.0
2021-04-13,-3.9,6.2,1.0,0.0,7.9,0.0,39.0
2021-04-14,-4.9,4.9,0.5,0.2,4.2,0.0,33.0
2021-04-15,-4.2,6.8,1.1,0.0,8.6,0.0,40.0
2021-04-16,-4.2,5.0,0.2,0.0,3.4,0.0,27.0
2021-04-17,-3.7,7.0,2.4,0.1,0.6,0.0,30.0
2021-04-18,0.2,6.0,3.2,0.2,0.0,0.0,14.0
2021-04-19,-0.3,8.8,4.3,0.7,2.4,0.0,27.0
2021-04-20,0.0,12.8,6.4,0.0,4.9,0.0,22.0
2021-04-21,-1.1,15.8,8.3,0.5,9.2,0.0,28.0
2021-04-22,-0.1,13.3,7.8,0.0,8.8,0.0,34.0
2021-04-23,-2.5,15.2,7.2,0.0,13.0,0.0,22.0
2021-04-24,-1.6,17.8,8.9,0.0,12.9,0.0,22.0
2021-04-25,2.1,15.0,8.3,0.0,13.2,0.0,35.0
2021-04-26,0.8,13.9,7.4,0.0,13.3,0.0,36.0
2021-04-27,0.8,15.1,8.2,0.0,12.9,0.0,33.0
2021-04-28,1.3,17.4,10.5,0.3,6.1,0.0,33.0
2021-04-29,6.8,13.9,10.4,0.0,1.5,0.0,42.0
2021-04-30,4.5,13.7,6.8,5.2,3.0,0.0,45.0
2021-05-01,3.9,7.8,5.8,18.2,0.0,0.0,27.0
2021-05-02,1.9,9.7,5.4,0.2,3.2,0.0,41.0
2021-05-03,-1.4,11.7,5.6,0.0,5.3,0.0,31.0
2021-05-04,-0.4,14.9,9.1,4.9,0.3,0.0,65.0
2021-05-05,2.2,9.2,5.8,0.3,5.3,0.0,70.0
2021-05-06,0.5,8.6,5.6,15.0,0.4,0.0,35.0
2021-05-07,-1.2,9.8,5.8,3.1,4.6,0.0,49.0
2021-05-08,-2.4,16.6,8.1,0.0,11.1,0.0,32.0
2021-05-09,3.1,26.0,16.5,0.0,13.5,0.0,30.0
2021-05-10,11.2,24.4,17.0,0.0,4.8,0.0,45.0
2021-05-11,9.0,14.1,11.3,16.9,0.9,0.0,28.0
2021-05-12,4.8,11.1,8.9,0.3,0.0,0.0,26.0
2021-05-13,4.2,14.3,9.2,0.1,2.9,0.0,30.0
2021-05-14,3.7,15.5,9.4,7.1,6.1,0.0,35.0
2021-05-15,5.7,14.9,9.2,5.7,5.8,0.0,47.0
2021-05-16,6.1,14.5,9.6,2.1,3.7,0.0,44.0
2021-05-17,5.7,13.0,8.8,5.6,4.6,0.0,54.0
2021-05-18,5.7,12.3,8.5,7.4,4.3,0.0,36.0
2021-01-27,-5.0,-0.5,-2.4,0.5,0.0,19.0,33.0
2021-01-28,-0.5,8.3,3.5,9.0,0.0,17.0,43.0
2021-01-29,3.3,8.0,5.6,6.8,2.0,0.0,52.0
2021-01-30,-0.3,5.7,3.4,6.5,0.6,0.0,40.0
2021-01-31,-1.1,-0.1,-0.6,0.7,0.0,0.0,27.0
2021-02-01,-0.3,6.2,2.9,2.2,0.1,0.0,28.0
2021-02-02,3.0,8.7,6.3,4.7,0.0,0.0,45.0
2021-02-03,6.8,9.8,7.9,6.7,0.0,0.0,57.0
2021-02-04,3.5,8.7,6.1,1.0,5.8,0.0,53.0
2021-02-05,3.7,10.2,6.4,1.0,0.6,0.0,16.0
2021-02-06,4.0,6.1,5.2,0.0,0.0,0.0,32.0
2021-02-07,0.2,4.0,2.3,15.1,0.0,0.0,24.0
2021-02-08,-2.2,4.5,0.5,1.9,2.1,0.0,30.0
2021-02-09,-3.0,-1.2,-2.1,1.5,0.0,0.0,21.0
2021-02-10,-10.4,-2.8,-5.5,4.6,0.0,2.0,32.0
2021-02-11,-14.4,-7.6,-10.6,0.0,9.2,9.0,27.0
2021-02-12,-13.8,-7.3,-10.2,0.0,6.6,8.0,43.0
2021-02-13,-13.2,-6.8,-10.1,0.0,9.7,8.0,46.0
2021-02-14,-14.1,-3.4,-8.4,0.0,9.7,8.0,30.0
2021-02-15,-13.8,1.3,-4.9,0.8,0.5,8.0,33.0
2021-02-16,0.7,7.6,3.6,0.1,2.4,7.0,24.0
2021-02-17,-2.0,9.7,4.8,0.0,3.3,1.0,33.0
2021-02-18,-3.2,7.7,2.2,0.5,4.2,0.0,22.0
2021-02-19,2.0,10.5,5.8,0.0,1.1,0.0,26.0
2021-02-20,-1.0,13.2,5.1,0.0,9.5,0.0,17.0
2021-02-21,-1.9,12.1,4.3,0.0,10.1,0.0,19.0
2021-02-22,-0.9,10.9,3.9,0.0,5.4,0.0,13.0
2021-02-23,0.2,17.0,7.3,0.0,8.3,0.0,18.0
2021-02-24,1.6,17.3,8.9,0.0,8.6,0.0,17.0
2021-02-25,-0.2,18.0,7.8,0.0,9.9,0.0,19.0
2021-02-26,0.1,15.5,6.8,0.6,6.2,0.0,39.0
2021-02-27,-0.6,7.0,2.5,0.0,8.1,0.0,35.0
2021-02-28,-1.7,7.4,1.5,0.0,8.0,0.0,39.0
2021-03-01,-3.1,10.5,3.4,0.0,10.5,0.0,27.0
2021-03-02,-2.5,12.9,4.6,0.0,10.4,0.0,17.0
2021-03-03,-2.0,10.2,3.8,0.0,0.0,0.0,14.0
2021-03-04,2.2,13.6,7.2,2.0,5.9,0.0,35.0
2021-03-05,-3.2,5.1,1.6,0.2,0.1,0.0,34.0
2021-03-06,-5.2,3.8,-1.3,0.0,10.9,0.0,37.0
2021-03-07,-7.4,7.9,0.0,0.0,7.4,0.0,22.0
2021-03-08,-5.9,5.6,-0.4,0.0,10.3,0.0,25.0
2021-03-09,-5.1,5.6,0.5,0.0,5.4,0.0,22.0
2021-03-10,0.6,7.4,3.6,0.0,3.0,0.0,30.0
2021-03-11,2.4,13.2,7.5,9.5,1.1,0.0,60.0
2021-03-12,2.8,8.7,5.4,0.2,6.2,0.0,55.0
2021-03-13,1.6,9.4,5.2,5.2,1.2,0.0,74.0
2021-03-14,0.0,3.5,1.4,5.3,2.8,0.0,38.0
2021-03-15,0.0,5.3,1.8,4.2,3.3,0.0,42.0
2021-03-16,0.2,5.0,1.8,3.1,2.9,0.0,45.0
2021-03-17,-3.3,3.3,0.6,2.6,2.3,1.0,28.0
2021-03-18,-4.0,3.4,-0.3,0.0,6.1,0.0,33.0
2021-03-19,-4.7,3.6,-1.2,5.1,2.3,0.0,31.0
2021-03-20,-5.8,0.5,-2.3,0.0,8.6,2.0,29.0
2021-03-21,-1.4,3.8,0.9,0.0,0.2,0.0,31.0
2021-03-22,0.5,2.9,1.5,0.0,0.0,0.0,26.0
2021-03-23,-2.8,5.3,2.3,0.0,0.0,0.0,14.0
2020-12-02,-4.4,-0.4,-2.8,0.0,0.0,6.0,22.0
2020-12-03,-4.3,-0.5,-2.6,0.0,0.0,5.0,14.0
2020-12-04,-4.7,-2.0,-3.1,0.2,0.0,4.0,14.0
2020-12-05,-4.4,0.7,-0.4,1.7,0.0,3.0,18.0
2020-12-06,-0.1,1.7,0.5,6.3,0.0,1.0,14.0
2020-12-07,-0.9,0.4,-0.1,0.0,0.0,5.0,17.0
2020-12-08,-2.7,-0.4,-1.3,1.5,0.0,1.0,19.0
2020-12-09,-1.0,0.4,-0.3,5.6,0.0,3.0,28.0
2020-12-10,-1.5,-0.4,-0.9,0.0,0.0,9.0,9.0
2020-12-11,-2.5,-0.6,-1.8,0.0,0.0,5.0,23.0
2020-12-12,-2.2,2.5,0.8,0.3,0.0,4.0,20.0
2020-12-13,1.7,5.1,3.3,0.0,0.0,0.0,17.0
2020-12-14,-1.9,2.3,0.4,0.0,0.0,0.0,16.0
2020-12-15,-0.6,6.1,2.7,0.1,0.3,0.0,20.0
2020-12-16,0.9,8.7,3.6,0.0,5.2,0.0,14.0
2020-12-17,1.0,4.2,2.3,0.0,0.0,0.0,28.0
2020-12-18,-1.8,7.5,2.4,0.0,5.5,0.0,14.0
2020-12-19,-2.3,1.3,-0.9,0.0,0.0,0.0,12.0
2020-12-20,-0.9,2.0,0.0,0.5,0.0,0.0,11.0
2020-12-21,1.3,6.4,3.3,3.0,0.0,0.0,36.0
2020-12-22,6.4,11.8,9.7,0.4,0.3,0.0,39.0
2020-12-23,8.1,10.4,9.4,7.0,0.0,0.0,28.0
2020-12-24,1.0,8.1,5.5,3.8,0.7,0.0,53.0
2020-12-25,-3.6,1.3,-0.2,0.3,0.0,0.0,38.0
2020-12-26,-7.1,0.5,-3.0,0.0,6.1,0.0,22.0
2020-12-27,-7.5,-1.5,-3.7,0.0,0.2,0.0,28.0
2020-12-28,-2.8,1.0,-0.9,0.4,0.0,1.0,44.0
2020-12-29,-1.0,4.4,1.8,0.0,2.1,1.0,45.0
2020-12-30,-1.3,3.1,0.7,0.0,1.6,1.0,27.0
2020-12-31,-4.1,1.4,-0.7,3.2,3.0,1.0,31.0
2021-01-01,-0.9,1.4,-0.1,0.1,0.0,5.0,17.0
2021-01-02,-1.7,0.2,-0.8,0.5,0.0,2.0,28.0
2021-01-03,-2.6,-0.3,-1.5,0.1,0.0,3.0,12.0
2021-01-04,-3.0,-1.1,-1.9,0.0,0.0,3.0,30.0
2021-01-05,-2.2,-0.7,-1.7,0.6,0.0,3.0,22.0
2021-01-06,-2.1,-0.1,-1.3,6.5,0.0,4.0,12.0
2021-01-07,-2.3,0.1,-1.5,0.0,0.0,11.0,16.0
2021-01-08,-3.8,-0.3,-2.1,0.0,1.1,9.0,22.0
2021-01-09,-9.0,-0.9,-4.5,0.0,2.9,8.0,24.0
2021-01-10,-6.4,-3.6,-4.7,0.0,0.0,7.0,27.0
2021-01-11,-8.9,-5.5,-6.6,0.0,0.0,7.0,19.0
2021-01-12,-6.7,0.9,-2.2,4.9,0.0,7.0,57.0
2021-01-13,-1.9,2.2,-0.5,2.5,2.6,18.0,39.0
2021-01-14,-4.0,1.0,-1.2,0.0,0.0,20.0,38.0
2021-01-15,-6.4,-1.0,-4.4,0.0,4.9,16.0,24.0
2021-01-16,-6.3,-1.7,-4.0,2.6,1.0,15.0,28.0
2021-01-17,-5.1,-0.3,-2.6,2.1,0.0,21.0,20.0
2021-01-18,-3.9,1.1,0.1,0.0,0.2,23.0,29.0
2021-01-19,-6.8,1.3,-1.4,0.2,0.7,19.0,40.0
2021-01-20,-2.3,4.2,1.3,0.0,0.4,17.0,33.0
2021-01-21,-1.8,8.5,4.8,0.2,3.2,15.0,49.0
2021-01-22,1.6,8.8,5.4,3.5,5.0,5.0,61.0
2021-01-23,-2.1,1.5,-0.2,3.2,0.1,4.0,39.0
2021-01-24,-6.9,0.3,-1.4,1.2,4.4,7.0,53.0
2021-01-25,-6.5,0.7,-2.4,7.4,0.2,9.0,28.0
2021-01-26,-3.0,0.1,-1.3,0.3,0.4,19.0,45.0
2020-10-07,7.1,11.9,9.1,1.7,2.9,0.0,38.0
2020-10-08,6.4,15.5,11.0,0.0,3.7,0.0,39.0
2020-10-09,9.7,17.0,12.7,3.0,7.1,0.0,25.0
2020-10-10,3.0,11.0,8.1,2.5,0.0,0.0,29.0
2020-10-11,-0.7,9.3,3.9,0.6,2.7,0.0,30.0
2020-10-12,0.8,8.8,5.1,5.4,0.6,0.0,23.0
2020-10-13,0.6,9.3,4.9,0.0,2.9,0.0,22.0
2020-10-14,-0.9,7.5,3.9,0.0,2.2,0.0,29.0
2020-10-15,4.6,7.5,6.1,4.4,0.0,0.0,19.0
2020-10-16,4.7,8.4,7.0,2.4,0.0,0.0,31.0
2020-10-17,4.4,8.6,5.9,0.0,0.7,0.0,18.0
2020-10-18,4.8,8.7,6.2,0.0,0.4,0.0,18.0
2020-10-19,0.9,10.2,5.9,0.0,3.1,0.0,22.0
2020-10-20,-1.6,13.0,5.4,0.0,3.8,0.0,27.0
2020-10-21,4.4,13.6,9.4,0.0,0.2,0.0,25.0
2020-10-22,8.4,18.7,13.8,3.7,5.0,0.0,24.0
2020-10-23,11.2,13.6,12.2,13.8,0.0,0.0,22.0
2020-10-24,4.1,14.6,10.6,0.0,4.5,0.0,30.0
2020-10-25,2.0,14.4,7.4,0.0,6.9,0.0,27.0
2020-10-26,4.5,9.0,6.3,8.1,0.0,0.0,30.0
2020-10-27,2.9,9.7,5.9,0.1,3.4,0.0,34.0
2020-10-28,3.7,11.4,8.2,2.0,1.5,0.0,36.0
2020-10-29,7.8,10.8,9.0,2.3,1.1,0.0,41.0
2020-10-30,6.6,12.7,10.2,0.0,0.2,0.0,29.0
2020-10-31,3.6,14.7,8.9,0.0,8.2,0.0,25.0
2020-11-01,6.4,13.2,9.9,4.2,0.0,0.0,39.0
2020-11-02,12.3,19.6,15.4,0.0,1.9,0.0,33.0
2020-11-03,6.7,15.1,10.2,5.0,0.0,0.0,36.0
2020-11-04,5.5,7.0,6.2,0.1,0.0,0.0,33.0
2020-11-05,0.9,9.0,5.3,0.0,1.9,0.0,22.0
2020-11-06,-0.2,4.1,2.3,0.0,0.0,0.0,18.0
2020-11-07,2.3,5.7,3.7,0.0,0.9,0.0,13.0
2020-11-08,-0.3,14.9,6.1,0.0,7.1,0.0,12.0
2020-11-09,1.3,10.6,4.5,0.3,3.5,0.0,12.0
2020-11-10,3.3,7.0,4.7,0.2,0.0,0.0,7.0
2020-11-11,3.9,9.2,5.7,0.2,1.2,0.0,15.0
2020-11-12,3.1,10.7,7.2,0.0,1.6,0.0,31.0
2020-11-13,3.3,11.9,7.8,0.0,1.4,0.0,22.0
2020-11-14,1.9,13.3,8.4,0.0,8.7,0.0,24.0
2020-11-15,1.5,13.5,7.8,2.0,7.9,0.0,37.0
2020-11-16,6.8,11.2,8.3,0.1,0.5,0.0,39.0
2020-11-17,1.3,10.8,6.8,0.0,5.8,0.0,27.0
2020-11-18,-1.4,10.5,4.9,0.0,8.5,0.0,20.0
2020-11-19,3.7,9.5,6.3,6.4,0.7,0.0,44.0
2020-11-20,-2.9,4.2,2.2,0.0,5.3,0.0,33.0
2020-11-21,-5.3,3.9,-1.6,0.0,6.9,0.0,16.0
2020-11-22,-5.3,7.8,0.3,0.0,7.3,0.0,14.0
2020-11-23,-0.7,6.2,3.1,0.2,0.0,0.0,13.0
2020-11-24,0.5,4.4,3.2,0.0,0.0,0.0,25.0
2020-11-25,-1.9,0.7,-0.7,0.0,0.0,0.0,13.0
2020-11-26,-1.9,0.1,-1.0,0.0,0.0,0.0,16.0
2020-11-27,-2.2,0.2,-1.2,0.0,0.0,0.0,13.0
2020-11-28,-3.0,-0.9,-1.8,0.0,0.0,0.0,28.0
2020-11-29,-2.7,-0.7,-1.8,0.0,1.6,0.0,31.0
2020-11-30,-3.1,-1.9,-2.5,4.1,0.0,0.0,37.0
2020-12-01,-2.6,0.6,-0.6,3.5,0.0,2.0,34.0
